timestamp,scenario,treatment,repetition,execution_order,response_time_ms,response_size_bytes,status_code,success,records_returned,error
2026-06-16T02:46:28.778327+00:00,simple_user,REST,1,1,15.2230,115,200,true,1,
2026-06-16T02:46:28.894926+00:00,simple_user,GRAPHQL,1,2,14.9903,78,200,true,1,
2026-06-16T02:46:29.012100+00:00,simple_user,GRAPHQL,2,1,16.6457,78,200,true,1,
2026-06-16T02:46:29.136518+00:00,simple_user,REST,2,2,24.0722,115,200,true,1,
2026-06-16T02:46:29.239137+00:00,simple_user,REST,3,1,2.1435,115,200,true,1,
2026-06-16T02:46:29.341340+00:00,simple_user,GRAPHQL,3,2,1.5736,78,200,true,1,
2026-06-16T02:46:29.463432+00:00,simple_user,REST,4,1,21.6411,115,200,true,1,
2026-06-16T02:46:29.571164+00:00,simple_user,GRAPHQL,4,2,6.8813,78,200,true,1,
2026-06-16T02:46:29.698611+00:00,simple_user,REST,5,1,26.8804,115,200,true,1,
2026-06-16T02:46:29.817806+00:00,simple_user,GRAPHQL,5,2,18.5912,78,200,true,1,
2026-06-16T02:46:29.934734+00:00,simple_user,REST,6,1,16.2855,115,200,true,1,
2026-06-16T02:46:30.049376+00:00,simple_user,GRAPHQL,6,2,13.6523,78,200,true,1,
2026-06-16T02:46:30.168165+00:00,simple_user,GRAPHQL,7,1,18.0686,78,200,true,1,
2026-06-16T02:46:30.275790+00:00,simple_user,REST,7,2,7.1487,115,200,true,1,
2026-06-16T02:46:30.398816+00:00,simple_user,GRAPHQL,8,1,22.2903,78,200,true,1,
2026-06-16T02:46:30.500999+00:00,simple_user,REST,8,2,2.0442,115,200,true,1,
2026-06-16T02:46:30.603698+00:00,simple_user,GRAPHQL,9,1,2.1444,78,200,true,1,
2026-06-16T02:46:30.729821+00:00,simple_user,REST,9,2,25.6582,115,200,true,1,
2026-06-16T02:46:30.832507+00:00,simple_user,REST,10,1,2.3710,115,200,true,1,
2026-06-16T02:46:30.934635+00:00,simple_user,GRAPHQL,10,2,1.8373,78,200,true,1,
2026-06-16T02:46:31.047359+00:00,simple_user,REST,11,1,12.6150,115,200,true,1,
2026-06-16T02:46:31.154089+00:00,simple_user,GRAPHQL,11,2,6.1634,78,200,true,1,
2026-06-16T02:46:31.256955+00:00,simple_user,REST,12,1,2.3314,115,200,true,1,
2026-06-16T02:46:31.359373+00:00,simple_user,GRAPHQL,12,2,2.0102,78,200,true,1,
2026-06-16T02:46:31.481068+00:00,simple_user,GRAPHQL,13,1,21.1035,78,200,true,1,
2026-06-16T02:46:31.601583+00:00,simple_user,REST,13,2,20.0471,115,200,true,1,
2026-06-16T02:46:31.719195+00:00,simple_user,REST,14,1,17.0541,115,200,true,1,
2026-06-16T02:46:31.833558+00:00,simple_user,GRAPHQL,14,2,13.6552,78,200,true,1,
2026-06-16T02:46:31.941481+00:00,simple_user,REST,15,1,7.1469,115,200,true,1,
2026-06-16T02:46:32.068543+00:00,simple_user,GRAPHQL,15,2,26.1733,78,200,true,1,
2026-06-16T02:46:32.186936+00:00,simple_user,REST,16,1,17.7564,115,200,true,1,
2026-06-16T02:46:32.303627+00:00,simple_user,GRAPHQL,16,2,15.7467,78,200,true,1,
2026-06-16T02:46:32.420311+00:00,simple_user,REST,17,1,16.0518,115,200,true,1,
2026-06-16T02:46:32.527834+00:00,simple_user,GRAPHQL,17,2,6.8921,78,200,true,1,
2026-06-16T02:46:32.651385+00:00,simple_user,REST,18,1,22.9000,115,200,true,1,
2026-06-16T02:46:32.769104+00:00,simple_user,GRAPHQL,18,2,16.9441,78,200,true,1,
2026-06-16T02:46:32.881801+00:00,simple_user,REST,19,1,12.2014,115,200,true,1,
2026-06-16T02:46:33.003252+00:00,simple_user,GRAPHQL,19,2,20.7166,78,200,true,1,
2026-06-16T02:46:33.120906+00:00,simple_user,REST,20,1,17.0609,115,200,true,1,
2026-06-16T02:46:33.238440+00:00,simple_user,GRAPHQL,20,2,16.7492,78,200,true,1,
2026-06-16T02:46:33.355269+00:00,simple_user,REST,21,1,16.2621,115,200,true,1,
2026-06-16T02:46:33.480091+00:00,simple_user,GRAPHQL,21,2,24.1216,78,200,true,1,
2026-06-16T02:46:33.599730+00:00,simple_user,REST,22,1,19.2298,115,200,true,1,
2026-06-16T02:46:33.720917+00:00,simple_user,GRAPHQL,22,2,20.0754,78,200,true,1,
2026-06-16T02:46:33.838428+00:00,simple_user,REST,23,1,16.9522,115,200,true,1,
2026-06-16T02:46:33.956079+00:00,simple_user,GRAPHQL,23,2,16.8469,78,200,true,1,
2026-06-16T02:46:34.072390+00:00,simple_user,REST,24,1,15.6232,115,200,true,1,
2026-06-16T02:46:34.205040+00:00,simple_user,GRAPHQL,24,2,31.7418,78,200,true,1,
2026-06-16T02:46:34.321919+00:00,simple_user,REST,25,1,16.2371,115,200,true,1,
2026-06-16T02:46:34.438644+00:00,simple_user,GRAPHQL,25,2,15.8123,78,200,true,1,
2026-06-16T02:46:34.621626+00:00,simple_user,REST,26,1,21.6861,115,200,true,1,
2026-06-16T02:46:34.739393+00:00,simple_user,GRAPHQL,26,2,16.6601,78,200,true,1,
2026-06-16T02:46:34.856097+00:00,simple_user,REST,27,1,16.0575,115,200,true,1,
2026-06-16T02:46:34.975399+00:00,simple_user,GRAPHQL,27,2,18.0823,78,200,true,1,
2026-06-16T02:46:35.105355+00:00,simple_user,GRAPHQL,28,1,28.9523,78,200,true,1,
2026-06-16T02:46:35.222998+00:00,simple_user,REST,28,2,17.1145,115,200,true,1,
2026-06-16T02:46:35.330660+00:00,simple_user,REST,29,1,7.0428,115,200,true,1,
2026-06-16T02:46:35.454684+00:00,simple_user,GRAPHQL,29,2,23.1376,78,200,true,1,
2026-06-16T02:46:35.571453+00:00,simple_user,REST,30,1,16.1340,115,200,true,1,
2026-06-16T02:46:35.675595+00:00,simple_user,GRAPHQL,30,2,3.7062,78,200,true,1,
2026-06-16T02:46:35.799223+00:00,simple_user,GRAPHQL,31,1,22.9218,78,200,true,1,
2026-06-16T02:46:36.000145+00:00,simple_user,REST,31,2,6.8359,115,200,true,1,
2026-06-16T02:46:36.123605+00:00,simple_user,GRAPHQL,32,1,22.1095,78,200,true,1,
2026-06-16T02:46:36.240137+00:00,simple_user,REST,32,2,15.9285,115,200,true,1,
2026-06-16T02:46:36.347859+00:00,simple_user,REST,33,1,7.1046,115,200,true,1,
2026-06-16T02:46:36.466334+00:00,simple_user,GRAPHQL,33,2,17.6844,78,200,true,1,
2026-06-16T02:46:36.572239+00:00,simple_user,REST,34,1,5.2149,115,200,true,1,
2026-06-16T02:46:36.690414+00:00,simple_user,GRAPHQL,34,2,17.5351,78,200,true,1,
2026-06-16T02:46:36.807265+00:00,simple_user,REST,35,1,16.1513,115,200,true,1,
2026-06-16T02:46:36.924807+00:00,simple_user,GRAPHQL,35,2,16.4428,78,200,true,1,
2026-06-16T02:46:37.041774+00:00,simple_user,REST,36,1,16.4023,115,200,true,1,
2026-06-16T02:46:37.155026+00:00,simple_user,GRAPHQL,36,2,12.7790,78,200,true,1,
2026-06-16T02:46:37.268724+00:00,simple_user,REST,37,1,13.3693,115,200,true,1,
2026-06-16T02:46:37.390521+00:00,simple_user,GRAPHQL,37,2,20.9622,78,200,true,1,
2026-06-16T02:46:37.508770+00:00,simple_user,REST,38,1,17.4332,115,200,true,1,
2026-06-16T02:46:37.625830+00:00,simple_user,GRAPHQL,38,2,16.2490,78,200,true,1,
2026-06-16T02:46:37.756007+00:00,simple_user,GRAPHQL,39,1,29.1997,78,200,true,1,
2026-06-16T02:46:37.874608+00:00,simple_user,REST,39,2,18.2464,115,200,true,1,
2026-06-16T02:46:37.997940+00:00,simple_user,REST,40,1,23.0609,115,200,true,1,
2026-06-16T02:46:38.120606+00:00,simple_user,GRAPHQL,40,2,22.1870,78,200,true,1,
2026-06-16T02:46:38.241967+00:00,simple_user,GRAPHQL,41,1,20.7906,78,200,true,1,
2026-06-16T02:46:38.359460+00:00,simple_user,REST,41,2,16.8044,115,200,true,1,
2026-06-16T02:46:38.476593+00:00,simple_user,GRAPHQL,42,1,16.2169,78,200,true,1,
2026-06-16T02:46:38.606468+00:00,simple_user,REST,42,2,29.3232,115,200,true,1,
2026-06-16T02:46:38.725804+00:00,simple_user,GRAPHQL,43,1,18.4945,78,200,true,1,
2026-06-16T02:46:38.833537+00:00,simple_user,REST,43,2,7.0654,115,200,true,1,
2026-06-16T02:46:38.957620+00:00,simple_user,REST,44,1,23.4742,115,200,true,1,
2026-06-16T02:46:39.065349+00:00,simple_user,GRAPHQL,44,2,7.1645,78,200,true,1,
2026-06-16T02:46:39.191923+00:00,simple_user,REST,45,1,25.6909,115,200,true,1,
2026-06-16T02:46:39.309595+00:00,simple_user,GRAPHQL,45,2,16.8705,78,200,true,1,
2026-06-16T02:46:39.419831+00:00,simple_user,REST,46,1,9.7642,115,200,true,1,
2026-06-16T02:46:39.526479+00:00,simple_user,GRAPHQL,46,2,5.7898,78,200,true,1,
2026-06-16T02:46:39.641925+00:00,simple_user,REST,47,1,14.8544,115,200,true,1,
2026-06-16T02:46:39.759428+00:00,simple_user,GRAPHQL,47,2,16.7113,78,200,true,1,
2026-06-16T02:46:39.877248+00:00,simple_user,GRAPHQL,48,1,16.9455,78,200,true,1,
2026-06-16T02:46:39.994423+00:00,simple_user,REST,48,2,16.4865,115,200,true,1,
2026-06-16T02:46:40.102279+00:00,simple_user,REST,49,1,6.9466,115,200,true,1,
2026-06-16T02:46:40.216891+00:00,simple_user,GRAPHQL,49,2,13.9024,78,200,true,1,
2026-06-16T02:46:40.340124+00:00,simple_user,REST,50,1,22.4806,115,200,true,1,
2026-06-16T02:46:40.458317+00:00,simple_user,GRAPHQL,50,2,17.0590,78,200,true,1,
2026-06-16T02:46:40.573984+00:00,simple_user,REST,51,1,15.0386,115,200,true,1,
2026-06-16T02:46:40.693307+00:00,simple_user,GRAPHQL,51,2,17.9290,78,200,true,1,
2026-06-16T02:46:40.810153+00:00,simple_user,REST,52,1,16.2864,115,200,true,1,
2026-06-16T02:46:40.927314+00:00,simple_user,GRAPHQL,52,2,16.2404,78,200,true,1,
2026-06-16T02:46:41.044037+00:00,simple_user,REST,53,1,16.0717,115,200,true,1,
2026-06-16T02:46:41.151767+00:00,simple_user,GRAPHQL,53,2,6.9347,78,200,true,1,
2026-06-16T02:46:41.274514+00:00,simple_user,REST,54,1,22.4098,115,200,true,1,
2026-06-16T02:46:41.390913+00:00,simple_user,GRAPHQL,54,2,15.2185,78,200,true,1,
2026-06-16T02:46:41.511130+00:00,simple_user,GRAPHQL,55,1,19.1453,78,200,true,1,
2026-06-16T02:46:41.625690+00:00,simple_user,REST,55,2,14.1752,115,200,true,1,
2026-06-16T02:46:41.745013+00:00,simple_user,REST,56,1,18.5296,115,200,true,1,
2026-06-16T02:46:41.862490+00:00,simple_user,GRAPHQL,56,2,16.6175,78,200,true,1,
2026-06-16T02:46:41.979093+00:00,simple_user,REST,57,1,15.9564,115,200,true,1,
2026-06-16T02:46:42.095737+00:00,simple_user,GRAPHQL,57,2,15.8367,78,200,true,1,
2026-06-16T02:46:42.213263+00:00,simple_user,GRAPHQL,58,1,16.5851,78,200,true,1,
2026-06-16T02:46:42.342304+00:00,simple_user,REST,58,2,28.1883,115,200,true,1,
2026-06-16T02:46:42.454966+00:00,simple_user,REST,59,1,12.2698,115,200,true,1,
2026-06-16T02:46:42.578793+00:00,simple_user,GRAPHQL,59,2,23.1561,78,200,true,1,
2026-06-16T02:46:42.696192+00:00,simple_user,REST,60,1,16.7793,115,200,true,1,
2026-06-16T02:46:42.811429+00:00,simple_user,GRAPHQL,60,2,14.5327,78,200,true,1,
2026-06-16T02:46:42.924110+00:00,simple_user,REST,61,1,12.3993,115,200,true,1,
2026-06-16T02:46:43.031810+00:00,simple_user,GRAPHQL,61,2,7.0155,78,200,true,1,
2026-06-16T02:46:43.139606+00:00,simple_user,REST,62,1,7.2077,115,200,true,1,
2026-06-16T02:46:43.245712+00:00,simple_user,GRAPHQL,62,2,5.3000,78,200,true,1,
2026-06-16T02:46:43.362321+00:00,simple_user,GRAPHQL,63,1,15.8295,78,200,true,1,
2026-06-16T02:46:43.479203+00:00,simple_user,REST,63,2,16.3371,115,200,true,1,
2026-06-16T02:46:43.592467+00:00,simple_user,GRAPHQL,64,1,12.4092,78,200,true,1,
2026-06-16T02:46:43.713217+00:00,simple_user,REST,64,2,20.2779,115,200,true,1,
2026-06-16T02:46:43.826501+00:00,simple_user,GRAPHQL,65,1,12.7232,78,200,true,1,
2026-06-16T02:46:43.946055+00:00,simple_user,REST,65,2,19.0839,115,200,true,1,
2026-06-16T02:46:44.060273+00:00,simple_user,REST,66,1,13.6652,115,200,true,1,
2026-06-16T02:46:44.180082+00:00,simple_user,GRAPHQL,66,2,19.0817,78,200,true,1,
2026-06-16T02:46:44.294138+00:00,simple_user,REST,67,1,13.5348,115,200,true,1,
2026-06-16T02:46:44.412003+00:00,simple_user,GRAPHQL,67,2,16.8762,78,200,true,1,
2026-06-16T02:46:44.525724+00:00,simple_user,REST,68,1,13.4837,115,200,true,1,
2026-06-16T02:46:44.643478+00:00,simple_user,GRAPHQL,68,2,17.4703,78,200,true,1,
2026-06-16T02:46:44.763940+00:00,simple_user,GRAPHQL,69,1,19.0958,78,200,true,1,
2026-06-16T02:46:44.881233+00:00,simple_user,REST,69,2,16.6830,115,200,true,1,
2026-06-16T02:46:44.995157+00:00,simple_user,REST,70,1,13.5304,115,200,true,1,
2026-06-16T02:46:45.114363+00:00,simple_user,GRAPHQL,70,2,18.0806,78,200,true,1,
2026-06-16T02:46:45.231774+00:00,simple_user,REST,71,1,16.7577,115,200,true,1,
2026-06-16T02:46:45.348825+00:00,simple_user,GRAPHQL,71,2,16.1706,78,200,true,1,
2026-06-16T02:46:45.466054+00:00,simple_user,GRAPHQL,72,1,16.3024,78,200,true,1,
2026-06-16T02:46:45.596744+00:00,simple_user,REST,72,2,30.0496,115,200,true,1,
2026-06-16T02:46:45.714297+00:00,simple_user,REST,73,1,16.8005,115,200,true,1,
2026-06-16T02:46:45.832429+00:00,simple_user,GRAPHQL,73,2,17.3178,78,200,true,1,
2026-06-16T02:46:45.948978+00:00,simple_user,REST,74,1,15.9004,115,200,true,1,
2026-06-16T02:46:46.066216+00:00,simple_user,GRAPHQL,74,2,16.3500,78,200,true,1,
2026-06-16T02:46:46.182918+00:00,simple_user,GRAPHQL,75,1,15.7869,78,200,true,1,
2026-06-16T02:46:46.299882+00:00,simple_user,REST,75,2,16.4341,115,200,true,1,
2026-06-16T02:46:46.416675+00:00,simple_user,REST,76,1,16.1217,115,200,true,1,
2026-06-16T02:46:46.533498+00:00,simple_user,GRAPHQL,76,2,15.9218,78,200,true,1,
2026-06-16T02:46:46.650278+00:00,simple_user,GRAPHQL,77,1,15.8602,78,200,true,1,
2026-06-16T02:46:46.774667+00:00,simple_user,REST,77,2,23.7493,115,200,true,1,
2026-06-16T02:46:46.898505+00:00,simple_user,REST,78,1,23.1245,115,200,true,1,
2026-06-16T02:46:47.015454+00:00,simple_user,GRAPHQL,78,2,16.0608,78,200,true,1,
2026-06-16T02:46:47.133077+00:00,simple_user,GRAPHQL,79,1,16.6128,78,200,true,1,
2026-06-16T02:46:47.265240+00:00,simple_user,REST,79,2,31.5313,115,200,true,1,
2026-06-16T02:46:47.372909+00:00,simple_user,GRAPHQL,80,1,6.8110,78,200,true,1,
2026-06-16T02:46:47.499649+00:00,simple_user,REST,80,2,26.1234,115,200,true,1,
2026-06-16T02:46:47.614972+00:00,simple_user,REST,81,1,14.7490,115,200,true,1,
2026-06-16T02:46:47.731745+00:00,simple_user,GRAPHQL,81,2,15.9472,78,200,true,1,
2026-06-16T02:46:47.850383+00:00,simple_user,REST,82,1,18.0134,115,200,true,1,
2026-06-16T02:46:47.968218+00:00,simple_user,GRAPHQL,82,2,17.0228,78,200,true,1,
2026-06-16T02:46:48.100371+00:00,simple_user,REST,83,1,31.5056,115,200,true,1,
2026-06-16T02:46:48.248278+00:00,simple_user,GRAPHQL,83,2,16.7836,78,200,true,1,
2026-06-16T02:46:48.367393+00:00,simple_user,REST,84,1,18.4595,115,200,true,1,
2026-06-16T02:46:48.484635+00:00,simple_user,GRAPHQL,84,2,16.3231,78,200,true,1,
2026-06-16T02:46:48.602044+00:00,simple_user,GRAPHQL,85,1,16.5250,78,200,true,1,
2026-06-16T02:46:48.718695+00:00,simple_user,REST,85,2,16.0378,115,200,true,1,
2026-06-16T02:46:48.848048+00:00,simple_user,GRAPHQL,86,1,28.5237,78,200,true,1,
2026-06-16T02:46:48.960875+00:00,simple_user,REST,86,2,12.5854,115,200,true,1,
2026-06-16T02:46:49.064158+00:00,simple_user,REST,87,1,2.7758,115,200,true,1,
2026-06-16T02:46:49.184597+00:00,simple_user,GRAPHQL,87,2,19.9152,78,200,true,1,
2026-06-16T02:46:49.301556+00:00,simple_user,REST,88,1,16.4227,115,200,true,1,
2026-06-16T02:46:49.418595+00:00,simple_user,GRAPHQL,88,2,16.1621,78,200,true,1,
2026-06-16T02:46:49.535594+00:00,simple_user,REST,89,1,16.1189,115,200,true,1,
2026-06-16T02:46:49.650209+00:00,simple_user,GRAPHQL,89,2,13.8720,78,200,true,1,
2026-06-16T02:46:49.768876+00:00,simple_user,GRAPHQL,90,1,17.8433,78,200,true,1,
2026-06-16T02:46:49.886276+00:00,simple_user,REST,90,2,16.6848,115,200,true,1,
2026-06-16T02:46:50.018719+00:00,simple_user,GRAPHQL,91,1,31.4526,78,200,true,1,
2026-06-16T02:46:50.135356+00:00,simple_user,REST,91,2,16.0135,115,200,true,1,
2026-06-16T02:46:50.252457+00:00,simple_user,REST,92,1,16.3733,115,200,true,1,
2026-06-16T02:46:50.369278+00:00,simple_user,GRAPHQL,92,2,15.8371,78,200,true,1,
2026-06-16T02:46:50.484210+00:00,simple_user,REST,93,1,14.4167,115,200,true,1,
2026-06-16T02:46:50.601539+00:00,simple_user,GRAPHQL,93,2,16.5089,78,200,true,1,
2026-06-16T02:46:50.718492+00:00,simple_user,GRAPHQL,94,1,16.0392,78,200,true,1,
2026-06-16T02:46:50.835616+00:00,simple_user,REST,94,2,16.1585,115,200,true,1,
2026-06-16T02:46:50.952732+00:00,simple_user,GRAPHQL,95,1,16.2067,78,200,true,1,
2026-06-16T02:46:51.069669+00:00,simple_user,REST,95,2,16.0858,115,200,true,1,
2026-06-16T02:46:51.182446+00:00,simple_user,REST,96,1,12.1839,115,200,true,1,
2026-06-16T02:46:51.299927+00:00,simple_user,GRAPHQL,96,2,16.7132,78,200,true,1,
2026-06-16T02:46:51.417678+00:00,simple_user,GRAPHQL,97,1,16.6656,78,200,true,1,
2026-06-16T02:46:51.535484+00:00,simple_user,REST,97,2,17.2409,115,200,true,1,
2026-06-16T02:46:51.651746+00:00,simple_user,REST,98,1,15.7235,115,200,true,1,
2026-06-16T02:46:51.768627+00:00,simple_user,GRAPHQL,98,2,16.2368,78,200,true,1,
2026-06-16T02:46:51.883513+00:00,simple_user,GRAPHQL,99,1,14.4070,78,200,true,1,
2026-06-16T02:46:52.001554+00:00,simple_user,REST,99,2,17.2653,115,200,true,1,
2026-06-16T02:46:52.120502+00:00,simple_user,GRAPHQL,100,1,18.0521,78,200,true,1,
2026-06-16T02:46:52.237650+00:00,simple_user,REST,100,2,16.5400,115,200,true,1,
2026-06-16T02:46:54.669908+00:00,user_list,GRAPHQL,1,1,28.4323,2531,200,true,100,
2026-06-16T02:46:54.789723+00:00,user_list,REST,1,2,18.6670,5471,200,true,100,
2026-06-16T02:46:54.902944+00:00,user_list,REST,2,1,12.4359,5471,200,true,100,
2026-06-16T02:46:55.005422+00:00,user_list,GRAPHQL,2,2,1.7858,2531,200,true,100,
2026-06-16T02:46:55.107933+00:00,user_list,GRAPHQL,3,1,2.1606,2531,200,true,100,
2026-06-16T02:46:55.210422+00:00,user_list,REST,3,2,1.9512,5471,200,true,100,
2026-06-16T02:46:55.336399+00:00,user_list,REST,4,1,25.6080,5471,200,true,100,
2026-06-16T02:46:55.450150+00:00,user_list,GRAPHQL,4,2,13.0704,2531,200,true,100,
2026-06-16T02:46:55.563428+00:00,user_list,GRAPHQL,5,1,12.8009,2531,200,true,100,
2026-06-16T02:46:55.682716+00:00,user_list,REST,5,2,18.9668,5471,200,true,100,
2026-06-16T02:46:55.805758+00:00,user_list,GRAPHQL,6,1,22.0696,2531,200,true,100,
2026-06-16T02:46:55.922551+00:00,user_list,REST,6,2,16.5260,5471,200,true,100,
2026-06-16T02:46:56.029934+00:00,user_list,REST,7,1,6.7908,5471,200,true,100,
2026-06-16T02:46:56.156767+00:00,user_list,GRAPHQL,7,2,25.8325,2531,200,true,100,
2026-06-16T02:46:56.274404+00:00,user_list,GRAPHQL,8,1,16.1619,2531,200,true,100,
2026-06-16T02:46:56.458375+00:00,user_list,REST,8,2,21.4933,5471,200,true,100,
2026-06-16T02:46:56.591539+00:00,user_list,REST,9,1,32.4783,5471,200,true,100,
2026-06-16T02:46:56.706984+00:00,user_list,GRAPHQL,9,2,14.5024,2531,200,true,100,
2026-06-16T02:46:56.812792+00:00,user_list,REST,10,1,5.2814,5471,200,true,100,
2026-06-16T02:46:56.942284+00:00,user_list,GRAPHQL,10,2,28.2841,2531,200,true,100,
2026-06-16T02:46:57.060520+00:00,user_list,REST,11,1,17.5721,5471,200,true,100,
2026-06-16T02:46:57.191129+00:00,user_list,GRAPHQL,11,2,29.3996,2531,200,true,100,
2026-06-16T02:46:57.308824+00:00,user_list,GRAPHQL,12,1,16.3956,2531,200,true,100,
2026-06-16T02:46:57.426619+00:00,user_list,REST,12,2,17.1847,5471,200,true,100,
2026-06-16T02:46:57.558391+00:00,user_list,REST,13,1,31.0973,5471,200,true,100,
2026-06-16T02:46:57.663728+00:00,user_list,GRAPHQL,13,2,4.6248,2531,200,true,100,
2026-06-16T02:46:57.786343+00:00,user_list,GRAPHQL,14,1,21.9510,2531,200,true,100,
2026-06-16T02:46:57.908115+00:00,user_list,REST,14,2,21.0537,5471,200,true,100,
2026-06-16T02:46:58.026797+00:00,user_list,REST,15,1,18.1466,5471,200,true,100,
2026-06-16T02:46:58.159855+00:00,user_list,GRAPHQL,15,2,31.6653,2531,200,true,100,
2026-06-16T02:46:58.278024+00:00,user_list,GRAPHQL,16,1,16.9048,2531,200,true,100,
2026-06-16T02:46:58.407082+00:00,user_list,REST,16,2,28.4728,5471,200,true,100,
2026-06-16T02:46:58.525773+00:00,user_list,REST,17,1,17.8954,5471,200,true,100,
2026-06-16T02:46:58.642661+00:00,user_list,GRAPHQL,17,2,15.8264,2531,200,true,100,
2026-06-16T02:46:58.759288+00:00,user_list,GRAPHQL,18,1,15.6276,2531,200,true,100,
2026-06-16T02:46:58.876144+00:00,user_list,REST,18,2,16.3322,5471,200,true,100,
2026-06-16T02:46:58.992433+00:00,user_list,GRAPHQL,19,1,15.3839,2531,200,true,100,
2026-06-16T02:46:59.111759+00:00,user_list,REST,19,2,18.7590,5471,200,true,100,
2026-06-16T02:46:59.244615+00:00,user_list,REST,20,1,32.2074,5471,200,true,100,
2026-06-16T02:46:59.361920+00:00,user_list,GRAPHQL,20,2,16.0570,2531,200,true,100,
2026-06-16T02:46:59.490944+00:00,user_list,REST,21,1,28.3770,5471,200,true,100,
2026-06-16T02:46:59.610167+00:00,user_list,GRAPHQL,21,2,17.9439,2531,200,true,100,
2026-06-16T02:46:59.729304+00:00,user_list,GRAPHQL,22,1,17.9864,2531,200,true,100,
2026-06-16T02:46:59.860751+00:00,user_list,REST,22,2,30.9140,5471,200,true,100,
2026-06-16T02:46:59.987753+00:00,user_list,GRAPHQL,23,1,26.0518,2531,200,true,100,
2026-06-16T02:47:00.106013+00:00,user_list,REST,23,2,17.8980,5471,200,true,100,
2026-06-16T02:47:00.229212+00:00,user_list,REST,24,1,22.7365,5471,200,true,100,
2026-06-16T02:47:00.361132+00:00,user_list,GRAPHQL,24,2,30.7642,2531,200,true,100,
2026-06-16T02:47:00.478808+00:00,user_list,GRAPHQL,25,1,16.4787,2531,200,true,100,
2026-06-16T02:47:00.596603+00:00,user_list,REST,25,2,17.2665,5471,200,true,100,
2026-06-16T02:47:00.726422+00:00,user_list,GRAPHQL,26,1,28.8471,2531,200,true,100,
2026-06-16T02:47:00.843913+00:00,user_list,REST,26,2,16.9725,5471,200,true,100,
2026-06-16T02:47:00.960810+00:00,user_list,REST,27,1,16.3258,5471,200,true,100,
2026-06-16T02:47:01.078347+00:00,user_list,GRAPHQL,27,2,16.5636,2531,200,true,100,
2026-06-16T02:47:01.195127+00:00,user_list,REST,28,1,16.2256,5471,200,true,100,
2026-06-16T02:47:01.311541+00:00,user_list,GRAPHQL,28,2,15.4091,2531,200,true,100,
2026-06-16T02:47:01.425014+00:00,user_list,REST,29,1,12.9565,5471,200,true,100,
2026-06-16T02:47:01.544412+00:00,user_list,GRAPHQL,29,2,18.3466,2531,200,true,100,
2026-06-16T02:47:01.663056+00:00,user_list,REST,30,1,17.9710,5471,200,true,100,
2026-06-16T02:47:01.795892+00:00,user_list,GRAPHQL,30,2,31.5735,2531,200,true,100,
2026-06-16T02:47:01.914046+00:00,user_list,REST,31,1,17.4977,5471,200,true,100,
2026-06-16T02:47:02.043062+00:00,user_list,GRAPHQL,31,2,27.7537,2531,200,true,100,
2026-06-16T02:47:02.145705+00:00,user_list,GRAPHQL,32,1,1.9004,2531,200,true,100,
2026-06-16T02:47:02.247860+00:00,user_list,REST,32,2,2.0509,5471,200,true,100,
2026-06-16T02:47:02.379236+00:00,user_list,REST,33,1,30.8837,5471,200,true,100,
2026-06-16T02:47:02.497678+00:00,user_list,GRAPHQL,33,2,17.2273,2531,200,true,100,
2026-06-16T02:47:02.627926+00:00,user_list,REST,34,1,29.5977,5471,200,true,100,
2026-06-16T02:47:02.747853+00:00,user_list,GRAPHQL,34,2,18.7668,2531,200,true,100,
2026-06-16T02:47:02.880070+00:00,user_list,GRAPHQL,35,1,30.9437,2531,200,true,100,
2026-06-16T02:47:02.998363+00:00,user_list,REST,35,2,17.7383,5471,200,true,100,
2026-06-16T02:47:03.130396+00:00,user_list,REST,36,1,31.3858,5471,200,true,100,
2026-06-16T02:47:03.248285+00:00,user_list,GRAPHQL,36,2,16.6322,2531,200,true,100,
2026-06-16T02:47:03.380862+00:00,user_list,REST,37,1,32.0127,5471,200,true,100,
2026-06-16T02:47:03.507704+00:00,user_list,GRAPHQL,37,2,25.9917,2531,200,true,100,
2026-06-16T02:47:03.613835+00:00,user_list,REST,38,1,5.6724,5471,200,true,100,
2026-06-16T02:47:03.732607+00:00,user_list,GRAPHQL,38,2,17.5962,2531,200,true,100,
2026-06-16T02:47:03.863762+00:00,user_list,GRAPHQL,39,1,29.8762,2531,200,true,100,
2026-06-16T02:47:03.982329+00:00,user_list,REST,39,2,18.0330,5471,200,true,100,
2026-06-16T02:47:04.114418+00:00,user_list,GRAPHQL,40,1,30.8139,2531,200,true,100,
2026-06-16T02:47:04.232459+00:00,user_list,REST,40,2,17.4063,5471,200,true,100,
2026-06-16T02:47:04.359382+00:00,user_list,REST,41,1,26.3358,5471,200,true,100,
2026-06-16T02:47:04.461268+00:00,user_list,GRAPHQL,41,2,1.6225,2531,200,true,100,
2026-06-16T02:47:04.580052+00:00,user_list,REST,42,1,18.1524,5471,200,true,100,
2026-06-16T02:47:04.699903+00:00,user_list,GRAPHQL,42,2,18.6214,2531,200,true,100,
2026-06-16T02:47:04.832504+00:00,user_list,GRAPHQL,43,1,31.3201,2531,200,true,100,
2026-06-16T02:47:04.948017+00:00,user_list,REST,43,2,14.9239,5471,200,true,100,
2026-06-16T02:47:05.065611+00:00,user_list,GRAPHQL,44,1,16.4411,2531,200,true,100,
2026-06-16T02:47:05.184158+00:00,user_list,REST,44,2,17.5619,5471,200,true,100,
2026-06-16T02:47:05.316359+00:00,user_list,REST,45,1,31.6118,5471,200,true,100,
2026-06-16T02:47:05.449681+00:00,user_list,GRAPHQL,45,2,31.9527,2531,200,true,100,
2026-06-16T02:47:05.567504+00:00,user_list,GRAPHQL,46,1,16.6279,2531,200,true,100,
2026-06-16T02:47:05.698923+00:00,user_list,REST,46,2,30.6999,5471,200,true,100,
2026-06-16T02:47:05.817364+00:00,user_list,REST,47,1,17.7961,5471,200,true,100,
2026-06-16T02:47:05.934720+00:00,user_list,GRAPHQL,47,2,16.1757,2531,200,true,100,
2026-06-16T02:47:06.063518+00:00,user_list,GRAPHQL,48,1,27.4990,2531,200,true,100,
2026-06-16T02:47:06.183974+00:00,user_list,REST,48,2,19.5172,5471,200,true,100,
2026-06-16T02:47:06.317060+00:00,user_list,REST,49,1,32.3995,5471,200,true,100,
2026-06-16T02:47:06.435085+00:00,user_list,GRAPHQL,49,2,16.7301,2531,200,true,100,
2026-06-16T02:47:06.562930+00:00,user_list,GRAPHQL,50,1,27.1123,2531,200,true,100,
2026-06-16T02:47:06.679652+00:00,user_list,REST,50,2,16.4757,5471,200,true,100,
2026-06-16T02:47:06.798595+00:00,user_list,REST,51,1,18.2949,5471,200,true,100,
2026-06-16T02:47:06.914392+00:00,user_list,GRAPHQL,51,2,14.8514,2531,200,true,100,
2026-06-16T02:47:07.031682+00:00,user_list,GRAPHQL,52,1,16.3794,2531,200,true,100,
2026-06-16T02:47:07.149923+00:00,user_list,REST,52,2,17.6964,5471,200,true,100,
2026-06-16T02:47:07.335677+00:00,user_list,REST,53,1,8.2219,5471,200,true,100,
2026-06-16T02:47:07.463909+00:00,user_list,GRAPHQL,53,2,27.1711,2531,200,true,100,
2026-06-16T02:47:07.581839+00:00,user_list,GRAPHQL,54,1,16.4659,2531,200,true,100,
2026-06-16T02:47:07.697491+00:00,user_list,REST,54,2,15.1699,5471,200,true,100,
2026-06-16T02:47:07.817877+00:00,user_list,GRAPHQL,55,1,18.6869,2531,200,true,100,
2026-06-16T02:47:07.936450+00:00,user_list,REST,55,2,18.0423,5471,200,true,100,
2026-06-16T02:47:08.065689+00:00,user_list,REST,56,1,28.6467,5471,200,true,100,
2026-06-16T02:47:08.183300+00:00,user_list,GRAPHQL,56,2,16.4035,2531,200,true,100,
2026-06-16T02:47:08.302175+00:00,user_list,GRAPHQL,57,1,17.5381,2531,200,true,100,
2026-06-16T02:47:08.435259+00:00,user_list,REST,57,2,32.4700,5471,200,true,100,
2026-06-16T02:47:08.553374+00:00,user_list,REST,58,1,17.5460,5471,200,true,100,
2026-06-16T02:47:08.684547+00:00,user_list,GRAPHQL,58,2,25.7853,2531,200,true,100,
2026-06-16T02:47:08.787515+00:00,user_list,GRAPHQL,59,1,2.0555,2531,200,true,100,
2026-06-16T02:47:08.910756+00:00,user_list,REST,59,2,22.8524,5471,200,true,100,
2026-06-16T02:47:09.033308+00:00,user_list,REST,60,1,22.0535,5471,200,true,100,
2026-06-16T02:47:09.150084+00:00,user_list,GRAPHQL,60,2,15.7711,2531,200,true,100,
2026-06-16T02:47:09.256661+00:00,user_list,GRAPHQL,61,1,5.5134,2531,200,true,100,
2026-06-16T02:47:09.384026+00:00,user_list,REST,61,2,26.8343,5471,200,true,100,
2026-06-16T02:47:09.500275+00:00,user_list,GRAPHQL,62,1,15.3356,2531,200,true,100,
2026-06-16T02:47:09.620146+00:00,user_list,REST,62,2,19.3600,5471,200,true,100,
2026-06-16T02:47:09.751096+00:00,user_list,GRAPHQL,63,1,30.0462,2531,200,true,100,
2026-06-16T02:47:09.870901+00:00,user_list,REST,63,2,19.2671,5471,200,true,100,
2026-06-16T02:47:10.121135+00:00,user_list,REST,64,1,17.1717,5471,200,true,100,
2026-06-16T02:47:10.253895+00:00,user_list,GRAPHQL,64,2,31.5100,2531,200,true,100,
2026-06-16T02:47:10.371961+00:00,user_list,REST,65,1,17.4338,5471,200,true,100,
2026-06-16T02:47:10.504060+00:00,user_list,GRAPHQL,65,2,30.9291,2531,200,true,100,
2026-06-16T02:47:10.619571+00:00,user_list,REST,66,1,14.8613,5471,200,true,100,
2026-06-16T02:47:10.738032+00:00,user_list,GRAPHQL,66,2,17.2866,2531,200,true,100,
2026-06-16T02:47:10.870241+00:00,user_list,REST,67,1,31.5308,5471,200,true,100,
2026-06-16T02:47:10.984719+00:00,user_list,GRAPHQL,67,2,13.4155,2531,200,true,100,
2026-06-16T02:47:11.110369+00:00,user_list,GRAPHQL,68,1,25.1356,2531,200,true,100,
2026-06-16T02:47:11.233624+00:00,user_list,REST,68,2,22.8991,5471,200,true,100,
2026-06-16T02:47:11.353172+00:00,user_list,REST,69,1,18.5449,5471,200,true,100,
2026-06-16T02:47:11.471715+00:00,user_list,GRAPHQL,69,2,17.1956,2531,200,true,100,
2026-06-16T02:47:11.602117+00:00,user_list,REST,70,1,29.8215,5471,200,true,100,
2026-06-16T02:47:11.719656+00:00,user_list,GRAPHQL,70,2,16.6290,2531,200,true,100,
2026-06-16T02:47:11.837223+00:00,user_list,GRAPHQL,71,1,16.3093,2531,200,true,100,
2026-06-16T02:47:11.955160+00:00,user_list,REST,71,2,17.3350,5471,200,true,100,
2026-06-16T02:47:12.064405+00:00,user_list,REST,72,1,8.2870,5471,200,true,100,
2026-06-16T02:47:12.188384+00:00,user_list,GRAPHQL,72,2,22.7059,2531,200,true,100,
2026-06-16T02:47:12.306878+00:00,user_list,REST,73,1,17.8748,5471,200,true,100,
2026-06-16T02:47:12.438176+00:00,user_list,GRAPHQL,73,2,30.0413,2531,200,true,100,
2026-06-16T02:47:12.556571+00:00,user_list,GRAPHQL,74,1,17.1266,2531,200,true,100,
2026-06-16T02:47:12.689997+00:00,user_list,REST,74,2,32.8149,5471,200,true,100,
2026-06-16T02:47:12.822637+00:00,user_list,GRAPHQL,75,1,31.4322,2531,200,true,100,
2026-06-16T02:47:12.940436+00:00,user_list,REST,75,2,17.2656,5471,200,true,100,
2026-06-16T02:47:13.071095+00:00,user_list,GRAPHQL,76,1,29.3433,2531,200,true,100,
2026-06-16T02:47:13.190114+00:00,user_list,REST,76,2,18.4857,5471,200,true,100,
2026-06-16T02:47:13.310777+00:00,user_list,GRAPHQL,77,1,20.2315,2531,200,true,100,
2026-06-16T02:47:13.433488+00:00,user_list,REST,77,2,22.3360,5471,200,true,100,
2026-06-16T02:47:13.554378+00:00,user_list,REST,78,1,20.3876,5471,200,true,100,
2026-06-16T02:47:13.671908+00:00,user_list,GRAPHQL,78,2,16.4629,2531,200,true,100,
2026-06-16T02:47:13.788472+00:00,user_list,GRAPHQL,79,1,15.5441,2531,200,true,100,
2026-06-16T02:47:13.906358+00:00,user_list,REST,79,2,17.4176,5471,200,true,100,
2026-06-16T02:47:14.023383+00:00,user_list,REST,80,1,16.5151,5471,200,true,100,
2026-06-16T02:47:14.141030+00:00,user_list,GRAPHQL,80,2,16.4237,2531,200,true,100,
2026-06-16T02:47:14.273126+00:00,user_list,REST,81,1,31.3134,5471,200,true,100,
2026-06-16T02:47:14.391471+00:00,user_list,GRAPHQL,81,2,17.0646,2531,200,true,100,
2026-06-16T02:47:14.516975+00:00,user_list,REST,82,1,24.8587,5471,200,true,100,
2026-06-16T02:47:14.625791+00:00,user_list,GRAPHQL,82,2,7.5839,2531,200,true,100,
2026-06-16T02:47:14.756229+00:00,user_list,GRAPHQL,83,1,29.1505,2531,200,true,100,
2026-06-16T02:47:14.874459+00:00,user_list,REST,83,2,17.6478,5471,200,true,100,
2026-06-16T02:47:14.992592+00:00,user_list,REST,84,1,17.2991,5471,200,true,100,
2026-06-16T02:47:15.123159+00:00,user_list,GRAPHQL,84,2,29.2454,2531,200,true,100,
2026-06-16T02:47:15.241303+00:00,user_list,REST,85,1,17.4224,5471,200,true,100,
2026-06-16T02:47:15.374392+00:00,user_list,GRAPHQL,85,2,31.7769,2531,200,true,100,
2026-06-16T02:47:15.522129+00:00,user_list,REST,86,1,5.3971,5471,200,true,100,
2026-06-16T02:47:15.634842+00:00,user_list,GRAPHQL,86,2,12.3374,2531,200,true,100,
2026-06-16T02:47:15.758743+00:00,user_list,REST,87,1,23.4540,5471,200,true,100,
2026-06-16T02:47:15.891292+00:00,user_list,GRAPHQL,87,2,31.3746,2531,200,true,100,
2026-06-16T02:47:16.010085+00:00,user_list,GRAPHQL,88,1,17.3283,2531,200,true,100,
2026-06-16T02:47:16.141187+00:00,user_list,REST,88,2,30.4905,5471,200,true,100,
2026-06-16T02:47:16.260089+00:00,user_list,REST,89,1,18.3421,5471,200,true,100,
2026-06-16T02:47:16.389706+00:00,user_list,GRAPHQL,89,2,28.3587,2531,200,true,100,
2026-06-16T02:47:16.495499+00:00,user_list,REST,90,1,5.2281,5471,200,true,100,
2026-06-16T02:47:16.623463+00:00,user_list,GRAPHQL,90,2,27.1400,2531,200,true,100,
2026-06-16T02:47:16.742499+00:00,user_list,REST,91,1,18.5546,5471,200,true,100,
2026-06-16T02:47:16.891100+00:00,user_list,GRAPHQL,91,2,16.4622,2531,200,true,100,
2026-06-16T02:47:17.009869+00:00,user_list,GRAPHQL,92,1,17.2493,2531,200,true,100,
2026-06-16T02:47:17.128088+00:00,user_list,REST,92,2,17.6073,5471,200,true,100,
2026-06-16T02:47:17.259014+00:00,user_list,REST,93,1,30.3008,5471,200,true,100,
2026-06-16T02:47:17.377309+00:00,user_list,GRAPHQL,93,2,17.0407,2531,200,true,100,
2026-06-16T02:47:17.510315+00:00,user_list,REST,94,1,32.3883,5471,200,true,100,
2026-06-16T02:47:17.618943+00:00,user_list,GRAPHQL,94,2,7.3411,2531,200,true,100,
2026-06-16T02:47:17.739866+00:00,user_list,REST,95,1,20.1634,5471,200,true,100,
2026-06-16T02:47:17.852585+00:00,user_list,GRAPHQL,95,2,12.3412,2531,200,true,100,
2026-06-16T02:47:17.974801+00:00,user_list,GRAPHQL,96,1,21.5969,2531,200,true,100,
2026-06-16T02:47:18.091346+00:00,user_list,REST,96,2,16.0251,5471,200,true,100,
2026-06-16T02:47:18.209289+00:00,user_list,GRAPHQL,97,1,17.0036,2531,200,true,100,
2026-06-16T02:47:18.326556+00:00,user_list,REST,97,2,16.5237,5471,200,true,100,
2026-06-16T02:47:18.444202+00:00,user_list,REST,98,1,17.3179,5471,200,true,100,
2026-06-16T02:47:18.574255+00:00,user_list,GRAPHQL,98,2,29.0734,2531,200,true,100,
2026-06-16T02:47:18.691874+00:00,user_list,GRAPHQL,99,1,16.6441,2531,200,true,100,
2026-06-16T02:47:18.809756+00:00,user_list,REST,99,2,17.4684,5471,200,true,100,
2026-06-16T02:47:18.926086+00:00,user_list,GRAPHQL,100,1,15.4374,2531,200,true,100,
2026-06-16T02:47:19.044093+00:00,user_list,REST,100,2,17.4768,5471,200,true,100,
2026-06-16T02:47:22.798010+00:00,nested_data,GRAPHQL,1,1,20.3576,3105,200,true,121,
2026-06-16T02:47:23.093410+00:00,nested_data,REST,1,2,194.8436,5608,200,true,121,
2026-06-16T02:47:23.217794+00:00,nested_data,GRAPHQL,2,1,23.0756,3105,200,true,121,
2026-06-16T02:47:23.515013+00:00,nested_data,REST,2,2,196.7598,5608,200,true,121,
2026-06-16T02:47:23.721808+00:00,nested_data,GRAPHQL,3,1,29.7850,3105,200,true,121,
2026-06-16T02:47:24.033168+00:00,nested_data,REST,3,2,210.3101,5608,200,true,121,
2026-06-16T02:47:24.360013+00:00,nested_data,REST,4,1,226.2299,5608,200,true,121,
2026-06-16T02:47:24.476911+00:00,nested_data,GRAPHQL,4,2,16.2870,3105,200,true,121,
2026-06-16T02:47:24.772679+00:00,nested_data,REST,5,1,195.1698,5608,200,true,121,
2026-06-16T02:47:24.900703+00:00,nested_data,GRAPHQL,5,2,26.9012,3105,200,true,121,
2026-06-16T02:47:25.217234+00:00,nested_data,REST,6,1,215.7109,5608,200,true,121,
2026-06-16T02:47:25.351782+00:00,nested_data,GRAPHQL,6,2,33.5727,3105,200,true,121,
2026-06-16T02:47:25.483986+00:00,nested_data,GRAPHQL,7,1,30.7699,3105,200,true,121,
2026-06-16T02:47:25.779742+00:00,nested_data,REST,7,2,195.2769,5608,200,true,121,
2026-06-16T02:47:25.906508+00:00,nested_data,GRAPHQL,8,1,25.3076,3105,200,true,121,
2026-06-16T02:47:26.218207+00:00,nested_data,REST,8,2,211.0579,5608,200,true,121,
2026-06-16T02:47:26.355728+00:00,nested_data,GRAPHQL,9,1,36.2024,3105,200,true,121,
2026-06-16T02:47:26.626776+00:00,nested_data,REST,9,2,170.5695,5608,200,true,121,
2026-06-16T02:47:26.935388+00:00,nested_data,REST,10,1,208.1227,5608,200,true,121,
2026-06-16T02:47:27.059248+00:00,nested_data,GRAPHQL,10,2,22.7302,3105,200,true,121,
2026-06-16T02:47:27.182412+00:00,nested_data,GRAPHQL,11,1,22.2939,3105,200,true,121,
2026-06-16T02:47:27.466014+00:00,nested_data,REST,11,2,182.9554,5608,200,true,121,
2026-06-16T02:47:27.585942+00:00,nested_data,GRAPHQL,12,1,19.0251,3105,200,true,121,
2026-06-16T02:47:27.881964+00:00,nested_data,REST,12,2,195.5037,5608,200,true,121,
2026-06-16T02:47:28.183189+00:00,nested_data,REST,13,1,200.4536,5608,200,true,121,
2026-06-16T02:47:28.308805+00:00,nested_data,GRAPHQL,13,2,24.5564,3105,200,true,121,
2026-06-16T02:47:28.442424+00:00,nested_data,GRAPHQL,14,1,32.1606,3105,200,true,121,
2026-06-16T02:47:28.734929+00:00,nested_data,REST,14,2,191.9168,5608,200,true,121,
2026-06-16T02:47:28.858041+00:00,nested_data,GRAPHQL,15,1,22.8163,3105,200,true,121,
2026-06-16T02:47:29.147849+00:00,nested_data,REST,15,2,189.2625,5608,200,true,121,
2026-06-16T02:47:29.273317+00:00,nested_data,GRAPHQL,16,1,24.2600,3105,200,true,121,
2026-06-16T02:47:29.567649+00:00,nested_data,REST,16,2,193.7812,5608,200,true,121,
2026-06-16T02:47:29.870325+00:00,nested_data,REST,17,1,202.1467,5608,200,true,121,
2026-06-16T02:47:29.993957+00:00,nested_data,GRAPHQL,17,2,22.4119,3105,200,true,121,
2026-06-16T02:47:30.302868+00:00,nested_data,REST,18,1,208.2580,5608,200,true,121,
2026-06-16T02:47:30.427709+00:00,nested_data,GRAPHQL,18,2,23.6354,3105,200,true,121,
2026-06-16T02:47:30.559286+00:00,nested_data,GRAPHQL,19,1,30.2502,3105,200,true,121,
2026-06-16T02:47:30.871341+00:00,nested_data,REST,19,2,211.4869,5608,200,true,121,
2026-06-16T02:47:30.999158+00:00,nested_data,GRAPHQL,20,1,27.2290,3105,200,true,121,
2026-06-16T02:47:31.289286+00:00,nested_data,REST,20,2,189.8860,5608,200,true,121,
2026-06-16T02:47:31.588536+00:00,nested_data,REST,21,1,198.6661,5608,200,true,121,
2026-06-16T02:47:31.712292+00:00,nested_data,GRAPHQL,21,2,22.5392,3105,200,true,121,
2026-06-16T02:47:32.072414+00:00,nested_data,REST,22,1,209.8949,5608,200,true,121,
2026-06-16T02:47:32.195927+00:00,nested_data,GRAPHQL,22,2,22.2201,3105,200,true,121,
2026-06-16T02:47:32.328507+00:00,nested_data,GRAPHQL,23,1,31.3393,3105,200,true,121,
2026-06-16T02:47:32.636831+00:00,nested_data,REST,23,2,207.9524,5608,200,true,121,
2026-06-16T02:47:32.920267+00:00,nested_data,REST,24,1,182.9689,5608,200,true,121,
2026-06-16T02:47:33.046156+00:00,nested_data,GRAPHQL,24,2,24.0792,3105,200,true,121,
2026-06-16T02:47:33.383902+00:00,nested_data,REST,25,1,154.2633,5608,200,true,121,
2026-06-16T02:47:33.513330+00:00,nested_data,GRAPHQL,25,2,28.1620,3105,200,true,121,
2026-06-16T02:47:33.645997+00:00,nested_data,GRAPHQL,26,1,31.2428,3105,200,true,121,
2026-06-16T02:47:33.957161+00:00,nested_data,REST,26,2,210.5560,5608,200,true,121,
2026-06-16T02:47:34.219816+00:00,nested_data,REST,27,1,162.0973,5608,200,true,121,
2026-06-16T02:47:34.348073+00:00,nested_data,GRAPHQL,27,2,27.1563,3105,200,true,121,
2026-06-16T02:47:34.628458+00:00,nested_data,REST,28,1,179.7172,5608,200,true,121,
2026-06-16T02:47:34.765157+00:00,nested_data,GRAPHQL,28,2,35.3816,3105,200,true,121,
2026-06-16T02:47:35.091730+00:00,nested_data,REST,29,1,225.9238,5608,200,true,121,
2026-06-16T02:47:35.215732+00:00,nested_data,GRAPHQL,29,2,22.7017,3105,200,true,121,
2026-06-16T02:47:35.519968+00:00,nested_data,REST,30,1,203.7834,5608,200,true,121,
2026-06-16T02:47:35.641792+00:00,nested_data,GRAPHQL,30,2,21.0426,3105,200,true,121,
2026-06-16T02:47:35.939820+00:00,nested_data,REST,31,1,197.5293,5608,200,true,121,
2026-06-16T02:47:36.061391+00:00,nested_data,GRAPHQL,31,2,20.6783,3105,200,true,121,
2026-06-16T02:47:36.198517+00:00,nested_data,GRAPHQL,32,1,35.8409,3105,200,true,121,
2026-06-16T02:47:36.509403+00:00,nested_data,REST,32,2,210.2006,5608,200,true,121,
2026-06-16T02:47:36.809895+00:00,nested_data,REST,33,1,199.8476,5608,200,true,121,
2026-06-16T02:47:36.934174+00:00,nested_data,GRAPHQL,33,2,23.0623,3105,200,true,121,
2026-06-16T02:47:37.065335+00:00,nested_data,GRAPHQL,34,1,29.8163,3105,200,true,121,
2026-06-16T02:47:37.341212+00:00,nested_data,REST,34,2,175.1566,5608,200,true,121,
2026-06-16T02:47:37.466785+00:00,nested_data,GRAPHQL,35,1,24.3387,3105,200,true,121,
2026-06-16T02:47:37.691347+00:00,nested_data,REST,35,2,124.1784,5608,200,true,121,
2026-06-16T02:47:37.813979+00:00,nested_data,GRAPHQL,36,1,21.7882,3105,200,true,121,
2026-06-16T02:47:38.127666+00:00,nested_data,REST,36,2,213.0812,5608,200,true,121,
2026-06-16T02:47:38.418058+00:00,nested_data,REST,37,1,189.7512,5608,200,true,121,
2026-06-16T02:47:38.550527+00:00,nested_data,GRAPHQL,37,2,31.1714,3105,200,true,121,
2026-06-16T02:47:38.735031+00:00,nested_data,GRAPHQL,38,1,32.3637,3105,200,true,121,
2026-06-16T02:47:39.028277+00:00,nested_data,REST,38,2,192.7233,5608,200,true,121,
2026-06-16T02:47:39.153410+00:00,nested_data,GRAPHQL,39,1,23.9556,3105,200,true,121,
2026-06-16T02:47:39.462434+00:00,nested_data,REST,39,2,208.4130,5608,200,true,121,
2026-06-16T02:47:39.586953+00:00,nested_data,GRAPHQL,40,1,23.2837,3105,200,true,121,
2026-06-16T02:47:39.841251+00:00,nested_data,REST,40,2,153.6961,5608,200,true,121,
2026-06-16T02:47:40.145405+00:00,nested_data,REST,41,1,203.7124,5608,200,true,121,
2026-06-16T02:47:40.268311+00:00,nested_data,GRAPHQL,41,2,21.7618,3105,200,true,121,
2026-06-16T02:47:40.401112+00:00,nested_data,GRAPHQL,42,1,31.5366,3105,200,true,121,
2026-06-16T02:47:40.712347+00:00,nested_data,REST,42,2,210.8833,5608,200,true,121,
2026-06-16T02:47:41.013191+00:00,nested_data,REST,43,1,200.3060,5608,200,true,121,
2026-06-16T02:47:41.135790+00:00,nested_data,GRAPHQL,43,2,21.4783,3105,200,true,121,
2026-06-16T02:47:41.463646+00:00,nested_data,REST,44,1,227.2616,5608,200,true,121,
2026-06-16T02:47:41.586645+00:00,nested_data,GRAPHQL,44,2,21.7857,3105,200,true,121,
2026-06-16T02:47:41.894963+00:00,nested_data,REST,45,1,207.8314,5608,200,true,121,
2026-06-16T02:47:42.008668+00:00,nested_data,GRAPHQL,45,2,12.8702,3105,200,true,121,
2026-06-16T02:47:42.128653+00:00,nested_data,GRAPHQL,46,1,19.4428,3105,200,true,121,
2026-06-16T02:47:42.429891+00:00,nested_data,REST,46,2,200.8085,5608,200,true,121,
2026-06-16T02:47:42.554671+00:00,nested_data,GRAPHQL,47,1,23.4553,3105,200,true,121,
2026-06-16T02:47:42.863246+00:00,nested_data,REST,47,2,207.9717,5608,200,true,121,
2026-06-16T02:47:42.987625+00:00,nested_data,GRAPHQL,48,1,23.3137,3105,200,true,121,
2026-06-16T02:47:43.299465+00:00,nested_data,REST,48,2,211.1732,5608,200,true,121,
2026-06-16T02:47:43.613086+00:00,nested_data,REST,49,1,213.0770,5608,200,true,121,
2026-06-16T02:47:43.738158+00:00,nested_data,GRAPHQL,49,2,23.6831,3105,200,true,121,
2026-06-16T02:47:43.873043+00:00,nested_data,GRAPHQL,50,1,33.6140,3105,200,true,121,
2026-06-16T02:47:44.163123+00:00,nested_data,REST,50,2,189.4542,5608,200,true,121,
2026-06-16T02:47:44.267519+00:00,nested_data,GRAPHQL,51,1,3.6261,3105,200,true,121,
2026-06-16T02:47:44.599138+00:00,nested_data,REST,51,2,231.0619,5608,200,true,121,
2026-06-16T02:47:44.894317+00:00,nested_data,REST,52,1,194.6580,5608,200,true,121,
2026-06-16T02:47:45.016893+00:00,nested_data,GRAPHQL,52,2,21.4977,3105,200,true,121,
2026-06-16T02:47:45.137444+00:00,nested_data,GRAPHQL,53,1,19.5852,3105,200,true,121,
2026-06-16T02:47:45.441573+00:00,nested_data,REST,53,2,203.6615,5608,200,true,121,
2026-06-16T02:47:45.570489+00:00,nested_data,GRAPHQL,54,1,27.7685,3105,200,true,121,
2026-06-16T02:47:45.759644+00:00,nested_data,REST,54,2,88.6840,5608,200,true,121,
2026-06-16T02:47:45.974822+00:00,nested_data,REST,55,1,114.7839,5608,200,true,121,
2026-06-16T02:47:46.078428+00:00,nested_data,GRAPHQL,55,2,3.1876,3105,200,true,121,
2026-06-16T02:47:46.329315+00:00,nested_data,REST,56,1,150.6346,5608,200,true,121,
2026-06-16T02:47:46.433429+00:00,nested_data,GRAPHQL,56,2,3.3619,3105,200,true,121,
2026-06-16T02:47:46.663197+00:00,nested_data,REST,57,1,129.4630,5608,200,true,121,
2026-06-16T02:47:46.782417+00:00,nested_data,GRAPHQL,57,2,18.8769,3105,200,true,121,
2026-06-16T02:47:47.086197+00:00,nested_data,REST,58,1,203.2543,5608,200,true,121,
2026-06-16T02:47:47.209915+00:00,nested_data,GRAPHQL,58,2,22.4176,3105,200,true,121,
2026-06-16T02:47:47.341401+00:00,nested_data,GRAPHQL,59,1,30.1561,3105,200,true,121,
2026-06-16T02:47:47.648272+00:00,nested_data,REST,59,2,206.2844,5608,200,true,121,
2026-06-16T02:47:47.764104+00:00,nested_data,GRAPHQL,60,1,15.0628,3105,200,true,121,
2026-06-16T02:47:48.069663+00:00,nested_data,REST,60,2,204.9498,5608,200,true,121,
2026-06-16T02:47:48.367329+00:00,nested_data,REST,61,1,197.2563,5608,200,true,121,
2026-06-16T02:47:48.493736+00:00,nested_data,GRAPHQL,61,2,25.0521,3105,200,true,121,
2026-06-16T02:47:48.749595+00:00,nested_data,REST,62,1,155.3441,5608,200,true,121,
2026-06-16T02:47:48.854488+00:00,nested_data,GRAPHQL,62,2,4.2501,3105,200,true,121,
2026-06-16T02:47:48.967924+00:00,nested_data,GRAPHQL,63,1,12.5896,3105,200,true,121,
2026-06-16T02:47:49.302961+00:00,nested_data,REST,63,2,234.7227,5608,200,true,121,
2026-06-16T02:47:49.432888+00:00,nested_data,GRAPHQL,64,1,28.8494,3105,200,true,121,
2026-06-16T02:47:49.734839+00:00,nested_data,REST,64,2,178.8471,5608,200,true,121,
2026-06-16T02:47:50.036563+00:00,nested_data,REST,65,1,201.1896,5608,200,true,121,
2026-06-16T02:47:50.157795+00:00,nested_data,GRAPHQL,65,2,20.3136,3105,200,true,121,
2026-06-16T02:47:50.469976+00:00,nested_data,REST,66,1,211.6367,5608,200,true,121,
2026-06-16T02:47:50.591416+00:00,nested_data,GRAPHQL,66,2,20.4481,3105,200,true,121,
2026-06-16T02:47:50.723703+00:00,nested_data,GRAPHQL,67,1,31.4280,3105,200,true,121,
2026-06-16T02:47:50.968044+00:00,nested_data,REST,67,2,144.2363,5608,200,true,121,
2026-06-16T02:47:51.094689+00:00,nested_data,GRAPHQL,68,1,25.2198,3105,200,true,121,
2026-06-16T02:47:51.405835+00:00,nested_data,REST,68,2,210.5416,5608,200,true,121,
2026-06-16T02:47:51.689794+00:00,nested_data,REST,69,1,183.3099,5608,200,true,121,
2026-06-16T02:47:51.814072+00:00,nested_data,GRAPHQL,69,2,22.9761,3105,200,true,121,
2026-06-16T02:47:51.945377+00:00,nested_data,GRAPHQL,70,1,29.9462,3105,200,true,121,
2026-06-16T02:47:52.256555+00:00,nested_data,REST,70,2,210.5630,5608,200,true,121,
2026-06-16T02:47:52.556655+00:00,nested_data,REST,71,1,199.3415,5608,200,true,121,
2026-06-16T02:47:52.681238+00:00,nested_data,GRAPHQL,71,2,23.3010,3105,200,true,121,
2026-06-16T02:47:52.962423+00:00,nested_data,REST,72,1,180.5545,5608,200,true,121,
2026-06-16T02:47:53.066569+00:00,nested_data,GRAPHQL,72,2,3.5647,3105,200,true,121,
2026-06-16T02:47:53.196563+00:00,nested_data,GRAPHQL,73,1,28.9846,3105,200,true,121,
2026-06-16T02:47:53.505034+00:00,nested_data,REST,73,2,207.7060,5608,200,true,121,
2026-06-16T02:47:53.805524+00:00,nested_data,REST,74,1,199.5745,5608,200,true,121,
2026-06-16T02:47:53.926840+00:00,nested_data,GRAPHQL,74,2,20.4216,3105,200,true,121,
2026-06-16T02:47:54.064773+00:00,nested_data,GRAPHQL,75,1,36.6587,3105,200,true,121,
2026-06-16T02:47:54.372578+00:00,nested_data,REST,75,2,207.2035,5608,200,true,121,
2026-06-16T02:47:54.635635+00:00,nested_data,REST,76,1,162.4727,5608,200,true,121,
2026-06-16T02:47:54.747412+00:00,nested_data,GRAPHQL,76,2,10.5494,3105,200,true,121,
2026-06-16T02:47:54.877125+00:00,nested_data,GRAPHQL,77,1,28.6389,3105,200,true,121,
2026-06-16T02:47:55.153856+00:00,nested_data,REST,77,2,176.1943,5608,200,true,121,
2026-06-16T02:47:55.387357+00:00,nested_data,REST,78,1,133.2397,5608,200,true,121,
2026-06-16T02:47:55.500398+00:00,nested_data,GRAPHQL,78,2,12.3779,3105,200,true,121,
2026-06-16T02:47:55.735627+00:00,nested_data,REST,79,1,134.6721,5608,200,true,121,
2026-06-16T02:47:55.855046+00:00,nested_data,GRAPHQL,79,2,18.7896,3105,200,true,121,
2026-06-16T02:47:56.138268+00:00,nested_data,REST,80,1,182.8128,5608,200,true,121,
2026-06-16T02:47:56.258976+00:00,nested_data,GRAPHQL,80,2,20.2325,3105,200,true,121,
2026-06-16T02:47:56.538104+00:00,nested_data,REST,81,1,178.7606,5608,200,true,121,
2026-06-16T02:47:56.653516+00:00,nested_data,GRAPHQL,81,2,15.1686,3105,200,true,121,
2026-06-16T02:47:56.933750+00:00,nested_data,REST,82,1,179.9062,5608,200,true,121,
2026-06-16T02:47:57.066034+00:00,nested_data,GRAPHQL,82,2,31.0133,3105,200,true,121,
2026-06-16T02:47:57.199894+00:00,nested_data,GRAPHQL,83,1,32.6295,3105,200,true,121,
2026-06-16T02:47:57.469062+00:00,nested_data,REST,83,2,168.5015,5608,200,true,121,
2026-06-16T02:47:57.764687+00:00,nested_data,REST,84,1,195.5025,5608,200,true,121,
2026-06-16T02:47:57.887985+00:00,nested_data,GRAPHQL,84,2,22.0360,3105,200,true,121,
2026-06-16T02:47:58.195204+00:00,nested_data,REST,85,1,206.5213,5608,200,true,121,
2026-06-16T02:47:58.314503+00:00,nested_data,GRAPHQL,85,2,18.1318,3105,200,true,121,
2026-06-16T02:47:58.441827+00:00,nested_data,GRAPHQL,86,1,26.2555,3105,200,true,121,
2026-06-16T02:47:58.707734+00:00,nested_data,REST,86,2,165.5338,5608,200,true,121,
2026-06-16T02:47:58.923720+00:00,nested_data,REST,87,1,115.7457,5608,200,true,121,
2026-06-16T02:47:59.041750+00:00,nested_data,GRAPHQL,87,2,17.5632,3105,200,true,121,
2026-06-16T02:47:59.291002+00:00,nested_data,REST,88,1,149.0133,5608,200,true,121,
2026-06-16T02:47:59.419522+00:00,nested_data,GRAPHQL,88,2,26.9515,3105,200,true,121,
2026-06-16T02:47:59.534469+00:00,nested_data,GRAPHQL,89,1,13.5466,3105,200,true,121,
2026-06-16T02:47:59.843854+00:00,nested_data,REST,89,2,209.0364,5608,200,true,121,
2026-06-16T02:47:59.968987+00:00,nested_data,GRAPHQL,90,1,23.8412,3105,200,true,121,
2026-06-16T02:48:00.277584+00:00,nested_data,REST,90,2,208.0876,5608,200,true,121,
2026-06-16T02:48:00.560452+00:00,nested_data,REST,91,1,182.3855,5608,200,true,121,
2026-06-16T02:48:00.682984+00:00,nested_data,GRAPHQL,91,2,21.8132,3105,200,true,121,
2026-06-16T02:48:00.818266+00:00,nested_data,GRAPHQL,92,1,33.9982,3105,200,true,121,
2026-06-16T02:48:01.096733+00:00,nested_data,REST,92,2,177.8685,5608,200,true,121,
2026-06-16T02:48:01.217832+00:00,nested_data,GRAPHQL,93,1,19.6172,3105,200,true,121,
2026-06-16T02:48:01.494081+00:00,nested_data,REST,93,2,175.7761,5608,200,true,121,
2026-06-16T02:48:01.619900+00:00,nested_data,GRAPHQL,94,1,24.1342,3105,200,true,121,
2026-06-16T02:48:01.842082+00:00,nested_data,REST,94,2,121.6448,5608,200,true,121,
2026-06-16T02:48:02.145704+00:00,nested_data,REST,95,1,203.4575,5608,200,true,121,
2026-06-16T02:48:02.270300+00:00,nested_data,GRAPHQL,95,2,23.3651,3105,200,true,121,
2026-06-16T02:48:02.560864+00:00,nested_data,REST,96,1,189.9437,5608,200,true,121,
2026-06-16T02:48:02.687880+00:00,nested_data,GRAPHQL,96,2,25.9162,3105,200,true,121,
2026-06-16T02:48:02.949517+00:00,nested_data,REST,97,1,160.9996,5608,200,true,121,
2026-06-16T02:48:03.073834+00:00,nested_data,GRAPHQL,97,2,23.0835,3105,200,true,121,
2026-06-16T02:48:03.206429+00:00,nested_data,GRAPHQL,98,1,31.2277,3105,200,true,121,
2026-06-16T02:48:03.461668+00:00,nested_data,REST,98,2,154.6413,5608,200,true,121,
2026-06-16T02:48:03.586001+00:00,nested_data,GRAPHQL,99,1,23.5757,3105,200,true,121,
2026-06-16T02:48:03.895512+00:00,nested_data,REST,99,2,209.1083,5608,200,true,121,
2026-06-16T02:48:04.019904+00:00,nested_data,GRAPHQL,100,1,23.5935,3105,200,true,121,
2026-06-16T02:48:04.329201+00:00,nested_data,REST,100,2,208.7764,5608,200,true,121,
2026-06-16T02:48:06.698714+00:00,post_titles,REST,1,1,16.2662,1359,200,true,20,
2026-06-16T02:48:06.819366+00:00,post_titles,GRAPHQL,1,2,19.6195,268,200,true,21,
2026-06-16T02:48:06.936504+00:00,post_titles,REST,2,1,16.4887,1359,200,true,20,
2026-06-16T02:48:07.065197+00:00,post_titles,GRAPHQL,2,2,28.1870,268,200,true,21,
2026-06-16T02:48:07.182008+00:00,post_titles,GRAPHQL,3,1,16.0872,268,200,true,21,
2026-06-16T02:48:07.296498+00:00,post_titles,REST,3,2,14.3255,1359,200,true,20,
2026-06-16T02:48:07.399073+00:00,post_titles,GRAPHQL,4,1,2.2596,268,200,true,21,
2026-06-16T02:48:07.513645+00:00,post_titles,REST,4,2,14.2664,1359,200,true,20,
2026-06-16T02:48:07.615984+00:00,post_titles,REST,5,1,1.9554,1359,200,true,20,
2026-06-16T02:48:07.718502+00:00,post_titles,GRAPHQL,5,2,2.0726,268,200,true,21,
2026-06-16T02:48:07.832377+00:00,post_titles,GRAPHQL,6,1,13.3334,268,200,true,21,
2026-06-16T02:48:07.948580+00:00,post_titles,REST,6,2,15.6109,1359,200,true,20,
2026-06-16T02:48:08.068960+00:00,post_titles,REST,7,1,19.5830,1359,200,true,20,
2026-06-16T02:48:08.186196+00:00,post_titles,GRAPHQL,7,2,16.4434,268,200,true,21,
2026-06-16T02:48:08.293722+00:00,post_titles,REST,8,1,6.9043,1359,200,true,20,
2026-06-16T02:48:08.418959+00:00,post_titles,GRAPHQL,8,2,24.2638,268,200,true,21,
2026-06-16T02:48:08.533292+00:00,post_titles,REST,9,1,13.6184,1359,200,true,20,
2026-06-16T02:48:08.650663+00:00,post_titles,GRAPHQL,9,2,16.2884,268,200,true,21,
2026-06-16T02:48:08.766864+00:00,post_titles,GRAPHQL,10,1,15.6239,268,200,true,21,
2026-06-16T02:48:08.885812+00:00,post_titles,REST,10,2,18.0526,1359,200,true,20,
2026-06-16T02:48:09.004944+00:00,post_titles,REST,11,1,18.4890,1359,200,true,20,
2026-06-16T02:48:09.122937+00:00,post_titles,GRAPHQL,11,2,17.0661,268,200,true,21,
2026-06-16T02:48:09.250218+00:00,post_titles,GRAPHQL,12,1,26.6798,268,200,true,21,
2026-06-16T02:48:09.370318+00:00,post_titles,REST,12,2,19.0972,1359,200,true,20,
2026-06-16T02:48:09.483843+00:00,post_titles,REST,13,1,12.9713,1359,200,true,20,
2026-06-16T02:48:09.599578+00:00,post_titles,GRAPHQL,13,2,15.1507,268,200,true,21,
2026-06-16T02:48:09.707622+00:00,post_titles,REST,14,1,7.7047,1359,200,true,20,
2026-06-16T02:48:09.837783+00:00,post_titles,GRAPHQL,14,2,29.2139,268,200,true,21,
2026-06-16T02:48:09.953419+00:00,post_titles,REST,15,1,14.9999,1359,200,true,20,
2026-06-16T02:48:10.070333+00:00,post_titles,GRAPHQL,15,2,14.3462,268,200,true,21,
2026-06-16T02:48:10.185325+00:00,post_titles,GRAPHQL,16,1,14.3533,268,200,true,21,
2026-06-16T02:48:10.305874+00:00,post_titles,REST,16,2,19.5506,1359,200,true,20,
2026-06-16T02:48:10.423452+00:00,post_titles,REST,17,1,16.9244,1359,200,true,20,
2026-06-16T02:48:10.553011+00:00,post_titles,GRAPHQL,17,2,28.6025,268,200,true,21,
2026-06-16T02:48:10.656752+00:00,post_titles,GRAPHQL,18,1,3.3469,268,200,true,21,
2026-06-16T02:48:10.776651+00:00,post_titles,REST,18,2,19.4662,1359,200,true,20,
2026-06-16T02:48:10.905308+00:00,post_titles,REST,19,1,28.3344,1359,200,true,20,
2026-06-16T02:48:11.022488+00:00,post_titles,GRAPHQL,19,2,16.3253,268,200,true,21,
2026-06-16T02:48:11.139311+00:00,post_titles,REST,20,1,16.1997,1359,200,true,20,
2026-06-16T02:48:11.253289+00:00,post_titles,GRAPHQL,20,2,13.5171,268,200,true,21,
2026-06-16T02:48:11.369817+00:00,post_titles,GRAPHQL,21,1,16.0445,268,200,true,21,
2026-06-16T02:48:11.487905+00:00,post_titles,REST,21,2,17.3508,1359,200,true,20,
2026-06-16T02:48:11.608578+00:00,post_titles,GRAPHQL,22,1,19.8173,268,200,true,21,
2026-06-16T02:48:11.735334+00:00,post_titles,REST,22,2,26.1859,1359,200,true,20,
2026-06-16T02:48:11.853145+00:00,post_titles,REST,23,1,17.1170,1359,200,true,20,
2026-06-16T02:48:11.972454+00:00,post_titles,GRAPHQL,23,2,18.1953,268,200,true,21,
2026-06-16T02:48:12.091435+00:00,post_titles,GRAPHQL,24,1,18.0206,268,200,true,21,
2026-06-16T02:48:12.222500+00:00,post_titles,REST,24,2,30.4244,1359,200,true,20,
2026-06-16T02:48:12.341031+00:00,post_titles,GRAPHQL,25,1,17.6341,268,200,true,21,
2026-06-16T02:48:12.458525+00:00,post_titles,REST,25,2,16.9510,1359,200,true,20,
2026-06-16T02:48:12.590759+00:00,post_titles,GRAPHQL,26,1,31.2665,268,200,true,21,
2026-06-16T02:48:12.790474+00:00,post_titles,REST,26,2,23.2095,1359,200,true,20,
2026-06-16T02:48:12.915491+00:00,post_titles,REST,27,1,24.6847,1359,200,true,20,
2026-06-16T02:48:13.040927+00:00,post_titles,GRAPHQL,27,2,24.6674,268,200,true,21,
2026-06-16T02:48:13.158498+00:00,post_titles,REST,28,1,16.9302,1359,200,true,20,
2026-06-16T02:48:13.271633+00:00,post_titles,GRAPHQL,28,2,12.4805,268,200,true,21,
2026-06-16T02:48:13.391413+00:00,post_titles,REST,29,1,18.7929,1359,200,true,20,
2026-06-16T02:48:13.509004+00:00,post_titles,GRAPHQL,29,2,16.6258,268,200,true,21,
2026-06-16T02:48:13.638620+00:00,post_titles,GRAPHQL,30,1,28.5750,268,200,true,21,
2026-06-16T02:48:13.758152+00:00,post_titles,REST,30,2,18.6242,1359,200,true,20,
2026-06-16T02:48:13.876287+00:00,post_titles,REST,31,1,17.5667,1359,200,true,20,
2026-06-16T02:48:13.993781+00:00,post_titles,GRAPHQL,31,2,16.5435,268,200,true,21,
2026-06-16T02:48:14.124983+00:00,post_titles,GRAPHQL,32,1,25.4574,268,200,true,21,
2026-06-16T02:48:14.242941+00:00,post_titles,REST,32,2,17.3600,1359,200,true,20,
2026-06-16T02:48:14.360199+00:00,post_titles,REST,33,1,16.5536,1359,200,true,20,
2026-06-16T02:48:14.492202+00:00,post_titles,GRAPHQL,33,2,31.0471,268,200,true,21,
2026-06-16T02:48:14.610256+00:00,post_titles,GRAPHQL,34,1,17.0894,268,200,true,21,
2026-06-16T02:48:14.738817+00:00,post_titles,REST,34,2,27.9551,1359,200,true,20,
2026-06-16T02:48:14.855770+00:00,post_titles,GRAPHQL,35,1,15.8709,268,200,true,21,
2026-06-16T02:48:14.976177+00:00,post_titles,REST,35,2,19.6976,1359,200,true,20,
2026-06-16T02:48:15.082378+00:00,post_titles,REST,36,1,5.7339,1359,200,true,20,
2026-06-16T02:48:15.199426+00:00,post_titles,GRAPHQL,36,2,16.4489,268,200,true,21,
2026-06-16T02:48:15.304944+00:00,post_titles,GRAPHQL,37,1,4.8299,268,200,true,21,
2026-06-16T02:48:15.427048+00:00,post_titles,REST,37,2,21.6540,1359,200,true,20,
2026-06-16T02:48:15.607467+00:00,post_titles,REST,38,1,19.4353,1359,200,true,20,
2026-06-16T02:48:15.723157+00:00,post_titles,GRAPHQL,38,2,14.9086,268,200,true,21,
2026-06-16T02:48:15.843384+00:00,post_titles,REST,39,1,19.5356,1359,200,true,20,
2026-06-16T02:48:15.961940+00:00,post_titles,GRAPHQL,39,2,17.4023,268,200,true,21,
2026-06-16T02:48:16.092600+00:00,post_titles,REST,40,1,29.9947,1359,200,true,20,
2026-06-16T02:48:16.210169+00:00,post_titles,GRAPHQL,40,2,16.6130,268,200,true,21,
2026-06-16T02:48:16.328234+00:00,post_titles,GRAPHQL,41,1,17.0342,268,200,true,21,
2026-06-16T02:48:16.445003+00:00,post_titles,REST,41,2,16.2706,1359,200,true,20,
2026-06-16T02:48:16.577080+00:00,post_titles,REST,42,1,31.4274,1359,200,true,20,
2026-06-16T02:48:16.695518+00:00,post_titles,GRAPHQL,42,2,17.4967,268,200,true,21,
2026-06-16T02:48:16.828388+00:00,post_titles,GRAPHQL,43,1,31.8874,268,200,true,21,
2026-06-16T02:48:16.945674+00:00,post_titles,REST,43,2,16.7516,1359,200,true,20,
2026-06-16T02:48:17.063048+00:00,post_titles,GRAPHQL,44,1,16.3759,268,200,true,21,
2026-06-16T02:48:17.194805+00:00,post_titles,REST,44,2,31.2204,1359,200,true,20,
2026-06-16T02:48:17.324223+00:00,post_titles,GRAPHQL,45,1,28.6940,268,200,true,21,
2026-06-16T02:48:17.439560+00:00,post_titles,REST,45,2,14.6127,1359,200,true,20,
2026-06-16T02:48:17.558615+00:00,post_titles,REST,46,1,18.4441,1359,200,true,20,
2026-06-16T02:48:17.679174+00:00,post_titles,GRAPHQL,46,2,19.6606,268,200,true,21,
2026-06-16T02:48:17.794463+00:00,post_titles,GRAPHQL,47,1,14.6363,268,200,true,21,
2026-06-16T02:48:17.910564+00:00,post_titles,REST,47,2,15.6650,1359,200,true,20,
2026-06-16T02:48:18.028871+00:00,post_titles,REST,48,1,17.4160,1359,200,true,20,
2026-06-16T02:48:18.146762+00:00,post_titles,GRAPHQL,48,2,16.6916,268,200,true,21,
2026-06-16T02:48:18.278849+00:00,post_titles,REST,49,1,30.9874,1359,200,true,20,
2026-06-16T02:48:18.396322+00:00,post_titles,GRAPHQL,49,2,16.5546,268,200,true,21,
2026-06-16T02:48:18.513713+00:00,post_titles,GRAPHQL,50,1,16.4267,268,200,true,21,
2026-06-16T02:48:18.645378+00:00,post_titles,REST,50,2,31.0315,1359,200,true,20,
2026-06-16T02:48:18.763828+00:00,post_titles,GRAPHQL,51,1,17.5828,268,200,true,21,
2026-06-16T02:48:18.880834+00:00,post_titles,REST,51,2,16.4497,1359,200,true,20,
2026-06-16T02:48:19.013121+00:00,post_titles,REST,52,1,31.6273,1359,200,true,20,
2026-06-16T02:48:19.130827+00:00,post_titles,GRAPHQL,52,2,16.7644,268,200,true,21,
2026-06-16T02:48:19.247665+00:00,post_titles,REST,53,1,16.1879,1359,200,true,20,
2026-06-16T02:48:19.380525+00:00,post_titles,GRAPHQL,53,2,32.0643,268,200,true,21,
2026-06-16T02:48:19.498177+00:00,post_titles,REST,54,1,16.9868,1359,200,true,20,
2026-06-16T02:48:19.672084+00:00,post_titles,GRAPHQL,54,2,19.5326,268,200,true,21,
2026-06-16T02:48:19.795932+00:00,post_titles,GRAPHQL,55,1,23.0905,268,200,true,21,
2026-06-16T02:48:19.913950+00:00,post_titles,REST,55,2,17.5074,1359,200,true,20,
2026-06-16T02:48:20.030949+00:00,post_titles,REST,56,1,16.3995,1359,200,true,20,
2026-06-16T02:48:20.148801+00:00,post_titles,GRAPHQL,56,2,16.9085,268,200,true,21,
2026-06-16T02:48:20.279168+00:00,post_titles,GRAPHQL,57,1,29.4026,268,200,true,21,
2026-06-16T02:48:20.387234+00:00,post_titles,REST,57,2,7.4117,1359,200,true,20,
2026-06-16T02:48:20.514423+00:00,post_titles,REST,58,1,26.5542,1359,200,true,20,
2026-06-16T02:48:20.632121+00:00,post_titles,GRAPHQL,58,2,16.7367,268,200,true,21,
2026-06-16T02:48:20.750911+00:00,post_titles,GRAPHQL,59,1,17.8946,268,200,true,21,
2026-06-16T02:48:20.881392+00:00,post_titles,REST,59,2,29.8733,1359,200,true,20,
2026-06-16T02:48:21.015100+00:00,post_titles,REST,60,1,27.1624,1359,200,true,20,
2026-06-16T02:48:21.133131+00:00,post_titles,GRAPHQL,60,2,17.1130,268,200,true,21,
2026-06-16T02:48:21.264444+00:00,post_titles,GRAPHQL,61,1,30.3462,268,200,true,21,
2026-06-16T02:48:21.382490+00:00,post_titles,REST,61,2,17.5191,1359,200,true,20,
2026-06-16T02:48:21.499783+00:00,post_titles,REST,62,1,16.7202,1359,200,true,20,
2026-06-16T02:48:21.617046+00:00,post_titles,GRAPHQL,62,2,16.3348,268,200,true,21,
2026-06-16T02:48:21.748391+00:00,post_titles,REST,63,1,30.6297,1359,200,true,20,
2026-06-16T02:48:21.873102+00:00,post_titles,GRAPHQL,63,2,23.9971,268,200,true,21,
2026-06-16T02:48:21.997087+00:00,post_titles,GRAPHQL,64,1,23.4220,268,200,true,21,
2026-06-16T02:48:22.114962+00:00,post_titles,REST,64,2,17.3476,1359,200,true,20,
2026-06-16T02:48:22.232988+00:00,post_titles,GRAPHQL,65,1,17.1870,268,200,true,21,
2026-06-16T02:48:22.350268+00:00,post_titles,REST,65,2,16.6633,1359,200,true,20,
2026-06-16T02:48:22.467995+00:00,post_titles,GRAPHQL,66,1,16.4751,268,200,true,21,
2026-06-16T02:48:22.597559+00:00,post_titles,REST,66,2,28.9525,1359,200,true,20,
2026-06-16T02:48:22.716398+00:00,post_titles,GRAPHQL,67,1,17.8832,268,200,true,21,
2026-06-16T02:48:22.831320+00:00,post_titles,REST,67,2,14.3589,1359,200,true,20,
2026-06-16T02:48:22.948757+00:00,post_titles,GRAPHQL,68,1,16.8048,268,200,true,21,
2026-06-16T02:48:23.064024+00:00,post_titles,REST,68,2,14.7675,1359,200,true,20,
2026-06-16T02:48:23.181857+00:00,post_titles,GRAPHQL,69,1,17.1729,268,200,true,21,
2026-06-16T02:48:23.298885+00:00,post_titles,REST,69,2,16.5228,1359,200,true,20,
2026-06-16T02:48:23.417780+00:00,post_titles,GRAPHQL,70,1,17.9678,268,200,true,21,
2026-06-16T02:48:23.550689+00:00,post_titles,REST,70,2,32.1515,1359,200,true,20,
2026-06-16T02:48:23.667680+00:00,post_titles,REST,71,1,16.3348,1359,200,true,20,
2026-06-16T02:48:23.785293+00:00,post_titles,GRAPHQL,71,2,16.6438,268,200,true,21,
2026-06-16T02:48:23.916085+00:00,post_titles,REST,72,1,29.8698,1359,200,true,20,
2026-06-16T02:48:24.043039+00:00,post_titles,GRAPHQL,72,2,26.4599,268,200,true,21,
2026-06-16T02:48:24.162877+00:00,post_titles,REST,73,1,19.4383,1359,200,true,20,
2026-06-16T02:48:24.283375+00:00,post_titles,GRAPHQL,73,2,19.7266,268,200,true,21,
2026-06-16T02:48:24.399954+00:00,post_titles,REST,74,1,16.0614,1359,200,true,20,
2026-06-16T02:48:24.518206+00:00,post_titles,GRAPHQL,74,2,17.2135,268,200,true,21,
2026-06-16T02:48:24.635224+00:00,post_titles,REST,75,1,16.3891,1359,200,true,20,
2026-06-16T02:48:24.767634+00:00,post_titles,GRAPHQL,75,2,31.5782,268,200,true,21,
2026-06-16T02:48:24.885313+00:00,post_titles,REST,76,1,17.0303,1359,200,true,20,
2026-06-16T02:48:25.167103+00:00,post_titles,GRAPHQL,76,2,2.1000,268,200,true,21,
2026-06-16T02:48:25.269655+00:00,post_titles,GRAPHQL,77,1,1.9485,268,200,true,21,
2026-06-16T02:48:25.381698+00:00,post_titles,REST,77,2,11.8328,1359,200,true,20,
2026-06-16T02:48:25.496032+00:00,post_titles,GRAPHQL,78,1,14.1645,268,200,true,21,
2026-06-16T02:48:25.611647+00:00,post_titles,REST,78,2,15.2635,1359,200,true,20,
2026-06-16T02:48:25.730633+00:00,post_titles,GRAPHQL,79,1,18.3461,268,200,true,21,
2026-06-16T02:48:25.834231+00:00,post_titles,REST,79,2,3.0304,1359,200,true,20,
2026-06-16T02:48:25.936413+00:00,post_titles,REST,80,1,1.8640,1359,200,true,20,
2026-06-16T02:48:26.049132+00:00,post_titles,GRAPHQL,80,2,12.2098,268,200,true,21,
2026-06-16T02:48:26.151161+00:00,post_titles,GRAPHQL,81,1,1.8396,268,200,true,21,
2026-06-16T02:48:26.275119+00:00,post_titles,REST,81,2,23.8133,1359,200,true,20,
2026-06-16T02:48:26.401217+00:00,post_titles,GRAPHQL,82,1,25.2041,268,200,true,21,
2026-06-16T02:48:26.519514+00:00,post_titles,REST,82,2,17.6897,1359,200,true,20,
2026-06-16T02:48:26.637820+00:00,post_titles,GRAPHQL,83,1,17.2521,268,200,true,21,
2026-06-16T02:48:26.769357+00:00,post_titles,REST,83,2,30.9081,1359,200,true,20,
2026-06-16T02:48:26.887495+00:00,post_titles,GRAPHQL,84,1,17.1805,268,200,true,21,
2026-06-16T02:48:27.019114+00:00,post_titles,REST,84,2,30.9762,1359,200,true,20,
2026-06-16T02:48:27.133483+00:00,post_titles,GRAPHQL,85,1,13.3744,268,200,true,21,
2026-06-16T02:48:27.235677+00:00,post_titles,REST,85,2,1.9500,1359,200,true,20,
2026-06-16T02:48:27.348846+00:00,post_titles,REST,86,1,12.8083,1359,200,true,20,
2026-06-16T02:48:27.462813+00:00,post_titles,GRAPHQL,86,2,13.4690,268,200,true,21,
2026-06-16T02:48:27.580950+00:00,post_titles,GRAPHQL,87,1,17.6038,268,200,true,21,
2026-06-16T02:48:27.684337+00:00,post_titles,REST,87,2,2.4383,1359,200,true,20,
2026-06-16T02:48:27.786548+00:00,post_titles,GRAPHQL,88,1,1.8070,268,200,true,21,
2026-06-16T02:48:27.898599+00:00,post_titles,REST,88,2,11.7986,1359,200,true,20,
2026-06-16T02:48:28.021094+00:00,post_titles,GRAPHQL,89,1,21.6980,268,200,true,21,
2026-06-16T02:48:28.137814+00:00,post_titles,REST,89,2,16.0711,1359,200,true,20,
2026-06-16T02:48:28.255452+00:00,post_titles,REST,90,1,16.6036,1359,200,true,20,
2026-06-16T02:48:28.357518+00:00,post_titles,GRAPHQL,90,2,1.7225,268,200,true,21,
2026-06-16T02:48:28.482991+00:00,post_titles,REST,91,1,24.9396,1359,200,true,20,
2026-06-16T02:48:28.605142+00:00,post_titles,GRAPHQL,91,2,21.4074,268,200,true,21,
2026-06-16T02:48:28.737649+00:00,post_titles,GRAPHQL,92,1,31.4278,268,200,true,21,
2026-06-16T02:48:28.854746+00:00,post_titles,REST,92,2,16.4850,1359,200,true,20,
2026-06-16T02:48:28.969011+00:00,post_titles,GRAPHQL,93,1,13.5547,268,200,true,21,
2026-06-16T02:48:29.171677+00:00,post_titles,REST,93,2,30.6921,1359,200,true,20,
2026-06-16T02:48:29.289534+00:00,post_titles,GRAPHQL,94,1,16.9256,268,200,true,21,
2026-06-16T02:48:29.406489+00:00,post_titles,REST,94,2,16.3124,1359,200,true,20,
2026-06-16T02:48:29.537772+00:00,post_titles,REST,95,1,30.6216,1359,200,true,20,
2026-06-16T02:48:29.656572+00:00,post_titles,GRAPHQL,95,2,17.8384,268,200,true,21,
2026-06-16T02:48:29.787569+00:00,post_titles,GRAPHQL,96,1,30.0366,268,200,true,21,
2026-06-16T02:48:29.906363+00:00,post_titles,REST,96,2,18.0724,1359,200,true,20,
2026-06-16T02:48:30.024409+00:00,post_titles,GRAPHQL,97,1,16.8252,268,200,true,21,
2026-06-16T02:48:30.154142+00:00,post_titles,REST,97,2,29.0806,1359,200,true,20,
2026-06-16T02:48:30.273935+00:00,post_titles,GRAPHQL,98,1,18.8258,268,200,true,21,
2026-06-16T02:48:30.406470+00:00,post_titles,REST,98,2,31.9257,1359,200,true,20,
2026-06-16T02:48:30.687654+00:00,post_titles,GRAPHQL,99,1,25.1082,268,200,true,21,
2026-06-16T02:48:30.802596+00:00,post_titles,REST,99,2,14.6553,1359,200,true,20,
2026-06-16T02:48:30.910642+00:00,post_titles,REST,100,1,7.3447,1359,200,true,20,
2026-06-16T02:48:31.037755+00:00,post_titles,GRAPHQL,100,2,26.3323,268,200,true,21,
2026-06-16T02:48:34.843350+00:00,full_profile,GRAPHQL,1,1,21.2336,5647,200,true,121,
2026-06-16T02:48:35.139281+00:00,full_profile,REST,1,2,195.3025,5608,200,true,121,
2026-06-16T02:48:35.443962+00:00,full_profile,REST,2,1,204.3038,5608,200,true,121,
2026-06-16T02:48:35.568694+00:00,full_profile,GRAPHQL,2,2,23.1154,5647,200,true,121,
2026-06-16T02:48:35.701542+00:00,full_profile,GRAPHQL,3,1,31.1865,5647,200,true,121,
2026-06-16T02:48:35.980007+00:00,full_profile,REST,3,2,177.9909,5608,200,true,121,
2026-06-16T02:48:36.275620+00:00,full_profile,REST,4,1,195.0682,5608,200,true,121,
2026-06-16T02:48:36.397185+00:00,full_profile,GRAPHQL,4,2,20.5511,5647,200,true,121,
2026-06-16T02:48:36.691655+00:00,full_profile,REST,5,1,194.0349,5608,200,true,121,
2026-06-16T02:48:36.819634+00:00,full_profile,GRAPHQL,5,2,26.2834,5647,200,true,121,
2026-06-16T02:48:36.952021+00:00,full_profile,GRAPHQL,6,1,30.8041,5647,200,true,121,
2026-06-16T02:48:37.205533+00:00,full_profile,REST,6,2,152.8390,5608,200,true,121,
2026-06-16T02:48:37.474673+00:00,full_profile,REST,7,1,168.7902,5608,200,true,121,
2026-06-16T02:48:37.598868+00:00,full_profile,GRAPHQL,7,2,23.1676,5647,200,true,121,
2026-06-16T02:48:37.736898+00:00,full_profile,GRAPHQL,8,1,36.5003,5647,200,true,121,
2026-06-16T02:48:38.047435+00:00,full_profile,REST,8,2,209.9321,5608,200,true,121,
2026-06-16T02:48:38.296397+00:00,full_profile,REST,9,1,148.3188,5608,200,true,121,
2026-06-16T02:48:38.421100+00:00,full_profile,GRAPHQL,9,2,23.1664,5647,200,true,121,
2026-06-16T02:48:38.713589+00:00,full_profile,REST,10,1,191.8469,5608,200,true,121,
2026-06-16T02:48:38.838251+00:00,full_profile,GRAPHQL,10,2,23.1531,5647,200,true,121,
2026-06-16T02:48:39.147816+00:00,full_profile,REST,11,1,208.7126,5608,200,true,121,
2026-06-16T02:48:39.272704+00:00,full_profile,GRAPHQL,11,2,23.3156,5647,200,true,121,
2026-06-16T02:48:39.393739+00:00,full_profile,GRAPHQL,12,1,20.3421,5647,200,true,121,
2026-06-16T02:48:39.676862+00:00,full_profile,REST,12,2,182.9125,5608,200,true,121,
2026-06-16T02:48:39.947917+00:00,full_profile,REST,13,1,170.4325,5608,200,true,121,
2026-06-16T02:48:40.073029+00:00,full_profile,GRAPHQL,13,2,23.6539,5647,200,true,121,
2026-06-16T02:48:40.380130+00:00,full_profile,REST,14,1,206.5513,5608,200,true,121,
2026-06-16T02:48:40.495875+00:00,full_profile,GRAPHQL,14,2,14.1338,5647,200,true,121,
2026-06-16T02:48:40.800023+00:00,full_profile,REST,15,1,203.6962,5608,200,true,121,
2026-06-16T02:48:40.938893+00:00,full_profile,GRAPHQL,15,2,37.3405,5647,200,true,121,
2026-06-16T02:48:41.213254+00:00,full_profile,REST,16,1,173.7248,5608,200,true,121,
2026-06-16T02:48:41.457743+00:00,full_profile,GRAPHQL,16,2,23.2094,5647,200,true,121,
2026-06-16T02:48:41.579697+00:00,full_profile,GRAPHQL,17,1,21.2765,5647,200,true,121,
2026-06-16T02:48:41.878460+00:00,full_profile,REST,17,2,198.6138,5608,200,true,121,
2026-06-16T02:48:42.003282+00:00,full_profile,GRAPHQL,18,1,23.8936,5647,200,true,121,
2026-06-16T02:48:42.317909+00:00,full_profile,REST,18,2,214.0722,5608,200,true,121,
2026-06-16T02:48:42.457007+00:00,full_profile,GRAPHQL,19,1,37.5151,5647,200,true,121,
2026-06-16T02:48:42.766961+00:00,full_profile,REST,19,2,209.2384,5608,200,true,121,
2026-06-16T02:48:42.889787+00:00,full_profile,GRAPHQL,20,1,21.6730,5647,200,true,121,
2026-06-16T02:48:43.200866+00:00,full_profile,REST,20,2,210.5430,5608,200,true,121,
2026-06-16T02:48:43.480852+00:00,full_profile,REST,21,1,179.3371,5608,200,true,121,
2026-06-16T02:48:43.608647+00:00,full_profile,GRAPHQL,21,2,25.9752,5647,200,true,121,
2026-06-16T02:48:43.734867+00:00,full_profile,GRAPHQL,22,1,25.0274,5647,200,true,121,
2026-06-16T02:48:43.899539+00:00,full_profile,REST,22,2,64.4702,5608,200,true,121,
2026-06-16T02:48:44.024188+00:00,full_profile,GRAPHQL,23,1,23.2510,5647,200,true,121,
2026-06-16T02:48:44.382880+00:00,full_profile,REST,23,2,171.9255,5608,200,true,121,
2026-06-16T02:48:44.509547+00:00,full_profile,GRAPHQL,24,1,25.1566,5647,200,true,121,
2026-06-16T02:48:44.819210+00:00,full_profile,REST,24,2,209.0602,5608,200,true,121,
2026-06-16T02:48:44.943734+00:00,full_profile,GRAPHQL,25,1,22.9734,5647,200,true,121,
2026-06-16T02:48:45.250186+00:00,full_profile,REST,25,2,205.9352,5608,200,true,121,
2026-06-16T02:48:45.376448+00:00,full_profile,GRAPHQL,26,1,24.7030,5647,200,true,121,
2026-06-16T02:48:45.749573+00:00,full_profile,REST,26,2,195.7379,5608,200,true,121,
2026-06-16T02:48:45.877175+00:00,full_profile,GRAPHQL,27,1,25.9190,5647,200,true,121,
2026-06-16T02:48:46.117147+00:00,full_profile,REST,27,2,139.3221,5608,200,true,121,
2026-06-16T02:48:46.417483+00:00,full_profile,REST,28,1,199.6910,5608,200,true,121,
2026-06-16T02:48:46.534308+00:00,full_profile,GRAPHQL,28,2,15.7820,5647,200,true,121,
2026-06-16T02:48:46.661994+00:00,full_profile,GRAPHQL,29,1,25.9366,5647,200,true,121,
2026-06-16T02:48:46.971784+00:00,full_profile,REST,29,2,209.2042,5608,200,true,121,
2026-06-16T02:48:47.272889+00:00,full_profile,REST,30,1,200.5552,5608,200,true,121,
2026-06-16T02:48:47.411867+00:00,full_profile,GRAPHQL,30,2,37.5141,5647,200,true,121,
2026-06-16T02:48:47.721661+00:00,full_profile,REST,31,1,209.1472,5608,200,true,121,
2026-06-16T02:48:47.846286+00:00,full_profile,GRAPHQL,31,2,22.7228,5647,200,true,121,
2026-06-16T02:48:48.154711+00:00,full_profile,REST,32,1,207.7446,5608,200,true,121,
2026-06-16T02:48:48.280373+00:00,full_profile,GRAPHQL,32,2,24.8335,5647,200,true,121,
2026-06-16T02:48:48.409944+00:00,full_profile,GRAPHQL,33,1,28.5413,5647,200,true,121,
2026-06-16T02:48:48.704919+00:00,full_profile,REST,33,2,194.2519,5608,200,true,121,
2026-06-16T02:48:49.005885+00:00,full_profile,REST,34,1,200.4484,5608,200,true,121,
2026-06-16T02:48:49.130168+00:00,full_profile,GRAPHQL,34,2,22.7255,5647,200,true,121,
2026-06-16T02:48:49.263418+00:00,full_profile,GRAPHQL,35,1,31.7693,5647,200,true,121,
2026-06-16T02:48:49.570843+00:00,full_profile,REST,35,2,206.6690,5608,200,true,121,
2026-06-16T02:48:49.870723+00:00,full_profile,REST,36,1,199.4223,5608,200,true,121,
2026-06-16T02:48:49.993478+00:00,full_profile,GRAPHQL,36,2,21.6150,5647,200,true,121,
2026-06-16T02:48:50.127309+00:00,full_profile,GRAPHQL,37,1,32.6020,5647,200,true,121,
2026-06-16T02:48:50.389166+00:00,full_profile,REST,37,2,161.3420,5608,200,true,121,
2026-06-16T02:48:50.515362+00:00,full_profile,GRAPHQL,38,1,25.7014,5647,200,true,121,
2026-06-16T02:48:50.798097+00:00,full_profile,REST,38,2,182.3541,5608,200,true,121,
2026-06-16T02:48:51.114204+00:00,full_profile,REST,39,1,215.3875,5608,200,true,121,
2026-06-16T02:48:51.248726+00:00,full_profile,GRAPHQL,39,2,32.9845,5647,200,true,121,
2026-06-16T02:48:51.554633+00:00,full_profile,REST,40,1,205.1932,5608,200,true,121,
2026-06-16T02:48:51.682770+00:00,full_profile,GRAPHQL,40,2,26.4299,5647,200,true,121,
2026-06-16T02:48:51.964870+00:00,full_profile,REST,41,1,181.4533,5608,200,true,121,
2026-06-16T02:48:52.099197+00:00,full_profile,GRAPHQL,41,2,32.7904,5647,200,true,121,
2026-06-16T02:48:52.232542+00:00,full_profile,GRAPHQL,42,1,31.7870,5647,200,true,121,
2026-06-16T02:48:52.538331+00:00,full_profile,REST,42,2,205.2745,5608,200,true,121,
2026-06-16T02:48:52.652331+00:00,full_profile,GRAPHQL,43,1,13.3386,5647,200,true,121,
2026-06-16T02:48:52.949393+00:00,full_profile,REST,43,2,196.7016,5608,200,true,121,
2026-06-16T02:48:53.080017+00:00,full_profile,GRAPHQL,44,1,29.0755,5647,200,true,121,
2026-06-16T02:48:53.383604+00:00,full_profile,REST,44,2,202.9290,5608,200,true,121,
2026-06-16T02:48:53.513730+00:00,full_profile,GRAPHQL,45,1,28.2514,5647,200,true,121,
2026-06-16T02:48:53.941146+00:00,full_profile,REST,45,2,227.2625,5608,200,true,121,
2026-06-16T02:48:54.066690+00:00,full_profile,GRAPHQL,46,1,24.1070,5647,200,true,121,
2026-06-16T02:48:54.375609+00:00,full_profile,REST,46,2,208.2238,5608,200,true,121,
2026-06-16T02:48:54.501245+00:00,full_profile,GRAPHQL,47,1,24.1628,5647,200,true,121,
2026-06-16T02:48:54.778604+00:00,full_profile,REST,47,2,176.8077,5608,200,true,121,
2026-06-16T02:48:54.901199+00:00,full_profile,GRAPHQL,48,1,21.5809,5647,200,true,121,
2026-06-16T02:48:55.292474+00:00,full_profile,REST,48,2,212.1897,5608,200,true,121,
2026-06-16T02:48:55.417845+00:00,full_profile,GRAPHQL,49,1,23.9008,5647,200,true,121,
2026-06-16T02:48:55.728507+00:00,full_profile,REST,49,2,210.2338,5608,200,true,121,
2026-06-16T02:48:56.026233+00:00,full_profile,REST,50,1,197.1641,5608,200,true,121,
2026-06-16T02:48:56.151459+00:00,full_profile,GRAPHQL,50,2,23.7825,5647,200,true,121,
2026-06-16T02:48:56.286477+00:00,full_profile,GRAPHQL,51,1,33.5725,5647,200,true,121,
2026-06-16T02:48:56.612448+00:00,full_profile,REST,51,2,207.3046,5608,200,true,121,
2026-06-16T02:48:56.737816+00:00,full_profile,GRAPHQL,52,1,23.9565,5647,200,true,121,
2026-06-16T02:48:57.044907+00:00,full_profile,REST,52,2,206.3510,5608,200,true,121,
2026-06-16T02:48:57.166434+00:00,full_profile,GRAPHQL,53,1,20.7556,5647,200,true,121,
2026-06-16T02:48:57.409477+00:00,full_profile,REST,53,2,142.6046,5608,200,true,121,
2026-06-16T02:48:57.535132+00:00,full_profile,GRAPHQL,54,1,23.7469,5647,200,true,121,
2026-06-16T02:48:57.828606+00:00,full_profile,REST,54,2,192.9751,5608,200,true,121,
2026-06-16T02:48:58.120617+00:00,full_profile,REST,55,1,191.4347,5608,200,true,121,
2026-06-16T02:48:58.254258+00:00,full_profile,GRAPHQL,55,2,31.9205,5647,200,true,121,
2026-06-16T02:48:58.388129+00:00,full_profile,GRAPHQL,56,1,32.3109,5647,200,true,121,
2026-06-16T02:48:58.695396+00:00,full_profile,REST,56,2,206.7041,5608,200,true,121,
2026-06-16T02:48:58.998081+00:00,full_profile,REST,57,1,201.8662,5608,200,true,121,
2026-06-16T02:48:59.122590+00:00,full_profile,GRAPHQL,57,2,23.0034,5647,200,true,121,
2026-06-16T02:48:59.378336+00:00,full_profile,REST,58,1,155.1166,5608,200,true,121,
2026-06-16T02:48:59.506721+00:00,full_profile,GRAPHQL,58,2,27.9171,5647,200,true,121,
2026-06-16T02:48:59.636849+00:00,full_profile,GRAPHQL,59,1,28.6569,5647,200,true,121,
2026-06-16T02:48:59.929841+00:00,full_profile,REST,59,2,192.1404,5608,200,true,121,
2026-06-16T02:49:00.195277+00:00,full_profile,REST,60,1,165.0884,5608,200,true,121,
2026-06-16T02:49:00.321981+00:00,full_profile,GRAPHQL,60,2,25.1938,5647,200,true,121,
2026-06-16T02:49:00.456218+00:00,full_profile,GRAPHQL,61,1,32.6998,5647,200,true,121,
2026-06-16T02:49:00.749364+00:00,full_profile,REST,61,2,192.5284,5608,200,true,121,
2026-06-16T02:49:00.874519+00:00,full_profile,GRAPHQL,62,1,23.7879,5647,200,true,121,
2026-06-16T02:49:01.183374+00:00,full_profile,REST,62,2,207.8454,5608,200,true,121,
2026-06-16T02:49:01.483365+00:00,full_profile,REST,63,1,199.4206,5608,200,true,121,
2026-06-16T02:49:01.611330+00:00,full_profile,GRAPHQL,63,2,27.1958,5647,200,true,121,
2026-06-16T02:49:01.912628+00:00,full_profile,REST,64,1,201.0944,5608,200,true,121,
2026-06-16T02:49:02.040920+00:00,full_profile,GRAPHQL,64,2,27.0993,5647,200,true,121,
2026-06-16T02:49:02.173782+00:00,full_profile,GRAPHQL,65,1,31.2895,5647,200,true,121,
2026-06-16T02:49:02.484597+00:00,full_profile,REST,65,2,210.2057,5608,200,true,121,
2026-06-16T02:49:02.781880+00:00,full_profile,REST,66,1,196.4357,5608,200,true,121,
2026-06-16T02:49:02.908319+00:00,full_profile,GRAPHQL,66,2,24.9230,5647,200,true,121,
2026-06-16T02:49:03.040139+00:00,full_profile,GRAPHQL,67,1,30.3398,5647,200,true,121,
2026-06-16T02:49:03.352110+00:00,full_profile,REST,67,2,211.3239,5608,200,true,121,
2026-06-16T02:49:03.653071+00:00,full_profile,REST,68,1,200.4056,5608,200,true,121,
2026-06-16T02:49:03.764334+00:00,full_profile,GRAPHQL,68,2,9.9128,5647,200,true,121,
2026-06-16T02:49:03.878830+00:00,full_profile,GRAPHQL,69,1,14.0775,5647,200,true,121,
2026-06-16T02:49:04.185800+00:00,full_profile,REST,69,2,206.4988,5608,200,true,121,
2026-06-16T02:49:04.492350+00:00,full_profile,REST,70,1,205.9504,5608,200,true,121,
2026-06-16T02:49:04.620022+00:00,full_profile,GRAPHQL,70,2,26.9710,5647,200,true,121,
2026-06-16T02:49:04.744827+00:00,full_profile,GRAPHQL,71,1,23.3710,5647,200,true,121,
2026-06-16T02:49:05.052993+00:00,full_profile,REST,71,2,207.5506,5608,200,true,121,
2026-06-16T02:49:05.176057+00:00,full_profile,GRAPHQL,72,1,21.8846,5647,200,true,121,
2026-06-16T02:49:05.481774+00:00,full_profile,REST,72,2,205.2072,5608,200,true,121,
2026-06-16T02:49:05.772354+00:00,full_profile,REST,73,1,190.2194,5608,200,true,121,
2026-06-16T02:49:05.900202+00:00,full_profile,GRAPHQL,73,2,26.9849,5647,200,true,121,
2026-06-16T02:49:06.199707+00:00,full_profile,REST,74,1,199.3483,5608,200,true,121,
2026-06-16T02:49:06.322459+00:00,full_profile,GRAPHQL,74,2,21.3747,5647,200,true,121,
2026-06-16T02:49:06.635140+00:00,full_profile,REST,75,1,212.1007,5608,200,true,121,
2026-06-16T02:49:06.755780+00:00,full_profile,GRAPHQL,75,2,19.6990,5647,200,true,121,
2026-06-16T02:49:07.071571+00:00,full_profile,REST,76,1,215.2156,5608,200,true,121,
2026-06-16T02:49:07.196928+00:00,full_profile,GRAPHQL,76,2,23.9228,5647,200,true,121,
2026-06-16T02:49:07.495059+00:00,full_profile,REST,77,1,197.4863,5608,200,true,121,
2026-06-16T02:49:07.629117+00:00,full_profile,GRAPHQL,77,2,32.5487,5647,200,true,121,
2026-06-16T02:49:07.940199+00:00,full_profile,REST,78,1,210.1580,5608,200,true,121,
2026-06-16T02:49:08.071235+00:00,full_profile,GRAPHQL,78,2,30.0916,5647,200,true,121,
2026-06-16T02:49:08.194938+00:00,full_profile,GRAPHQL,79,1,22.9081,5647,200,true,121,
2026-06-16T02:49:08.500026+00:00,full_profile,REST,79,2,204.6385,5608,200,true,121,
2026-06-16T02:49:08.615919+00:00,full_profile,GRAPHQL,80,1,15.2053,5647,200,true,121,
2026-06-16T02:49:08.885300+00:00,full_profile,REST,80,2,168.8698,5608,200,true,121,
2026-06-16T02:49:09.000955+00:00,full_profile,GRAPHQL,81,1,15.0563,5647,200,true,121,
2026-06-16T02:49:09.237446+00:00,full_profile,REST,81,2,136.1578,5608,200,true,121,
2026-06-16T02:49:09.448579+00:00,full_profile,REST,82,1,110.6175,5608,200,true,121,
2026-06-16T02:49:09.554514+00:00,full_profile,GRAPHQL,82,2,5.1259,5647,200,true,121,
2026-06-16T02:49:09.670476+00:00,full_profile,GRAPHQL,83,1,15.0269,5647,200,true,121,
2026-06-16T02:49:09.866183+00:00,full_profile,REST,83,2,94.9314,5608,200,true,121,
2026-06-16T02:49:10.152984+00:00,full_profile,REST,84,1,186.4022,5608,200,true,121,
2026-06-16T02:49:10.268654+00:00,full_profile,GRAPHQL,84,2,13.8715,5647,200,true,121,
2026-06-16T02:49:10.446515+00:00,full_profile,REST,85,1,77.2916,5608,200,true,121,
2026-06-16T02:49:10.571372+00:00,full_profile,GRAPHQL,85,2,23.9504,5647,200,true,121,
2026-06-16T02:49:10.861806+00:00,full_profile,REST,86,1,189.9348,5608,200,true,121,
2026-06-16T02:49:10.998960+00:00,full_profile,GRAPHQL,86,2,35.6661,5647,200,true,121,
2026-06-16T02:49:11.132910+00:00,full_profile,GRAPHQL,87,1,32.6276,5647,200,true,121,
2026-06-16T02:49:11.439859+00:00,full_profile,REST,87,2,206.3681,5608,200,true,121,
2026-06-16T02:49:11.959236+00:00,full_profile,REST,88,1,210.0247,5608,200,true,121,
2026-06-16T02:49:12.091814+00:00,full_profile,GRAPHQL,88,2,31.4940,5647,200,true,121,
2026-06-16T02:49:12.224830+00:00,full_profile,GRAPHQL,89,1,32.0493,5647,200,true,121,
2026-06-16T02:49:12.510676+00:00,full_profile,REST,89,2,185.5449,5608,200,true,121,
2026-06-16T02:49:12.808155+00:00,full_profile,REST,90,1,196.9430,5608,200,true,121,
2026-06-16T02:49:12.933567+00:00,full_profile,GRAPHQL,90,2,23.9891,5647,200,true,121,
2026-06-16T02:49:13.230310+00:00,full_profile,REST,91,1,195.9992,5608,200,true,121,
2026-06-16T02:49:13.362870+00:00,full_profile,GRAPHQL,91,2,31.4113,5647,200,true,121,
2026-06-16T02:49:13.497248+00:00,full_profile,GRAPHQL,92,1,33.3817,5647,200,true,121,
2026-06-16T02:49:13.809431+00:00,full_profile,REST,92,2,211.6617,5608,200,true,121,
2026-06-16T02:49:14.080691+00:00,full_profile,REST,93,1,170.6124,5608,200,true,121,
2026-06-16T02:49:14.216241+00:00,full_profile,GRAPHQL,93,2,32.6586,5647,200,true,121,
2026-06-16T02:49:14.348129+00:00,full_profile,GRAPHQL,94,1,30.6604,5647,200,true,121,
2026-06-16T02:49:14.607901+00:00,full_profile,REST,94,2,159.2161,5608,200,true,121,
2026-06-16T02:49:14.783596+00:00,full_profile,REST,95,1,75.4278,5608,200,true,121,
2026-06-16T02:49:14.908817+00:00,full_profile,GRAPHQL,95,2,24.6186,5647,200,true,121,
2026-06-16T02:49:15.177703+00:00,full_profile,REST,96,1,168.6224,5608,200,true,121,
2026-06-16T02:49:15.302639+00:00,full_profile,GRAPHQL,96,2,23.4900,5647,200,true,121,
2026-06-16T02:49:15.436226+00:00,full_profile,GRAPHQL,97,1,32.0902,5647,200,true,121,
2026-06-16T02:49:15.812601+00:00,full_profile,REST,97,2,195.1204,5608,200,true,121,
2026-06-16T02:49:15.929755+00:00,full_profile,GRAPHQL,98,1,15.9170,5647,200,true,121,
2026-06-16T02:49:16.228181+00:00,full_profile,REST,98,2,197.8789,5608,200,true,121,
2026-06-16T02:49:16.360542+00:00,full_profile,GRAPHQL,99,1,31.2960,5647,200,true,121,
2026-06-16T02:49:16.661774+00:00,full_profile,REST,99,2,200.7329,5608,200,true,121,
2026-06-16T02:49:16.800857+00:00,full_profile,GRAPHQL,100,1,37.7381,5647,200,true,121,
2026-06-16T02:49:17.028371+00:00,full_profile,REST,100,2,126.9810,5608,200,true,121,
